apparent_decay_tau_ms,area_counts_s,area_ratio,area_width_ms,asymmetry,baseline_counts,baseline_sd,complete,decay_log_r2,decay_ms,event,exclusion,extraction_threshold_counts,file,hold_proxy_s,kind,label_basis,middle_fraction,negative_onset_s,onset_s,peak_counts,peak_from_wave_onset_ms,peak_index,peak_s,post_event_shift_counts,recovery_ms,recovery_s,release_area_counts_s,release_area_width_ms,release_rise_ms,release_width_ms,rise_ms,signal_noise_ratio,slope_norm_s,spectral_centroid_hz,spectral_high_fraction,spectral_rms_hz,trigger_s,trough_counts,trough_index,trough_peak_ratio,trough_s,width_ms,zone_id
97.93026049583703,417944.01759614405,1.135946914036834,184.3095481589261,2.7429603710459127,3938282.0,3526.7189284092374,True,0.9889098453348811,220.26901559966473,1,,50000,pressure-zone01-tail-20260920-171235.csv,1.3169315125537455,seven_zone,user instructed single zone per recording,0.009013635441564282,4.596896910134889,3.279965397581144,2267620.0,94.03460241885631,134,3.374,-9015.0,140.46624591683798,4.856255645311983,474762.2170284961,131.97143347962984,70.9501392733074,119.94817508519873,80.30338969704998,642.9829101869576,13.56565914924022,1.6352372305431353,0.0006266980756291619,1.8789430187651288,3.273,3597462.0,186,1.5864483467247599,4.683,170.3382251926482,1
85.59197250638186,445604.0988297995,1.0367346886498012,166.93318494415863,2.6406568677383166,3939553.0,1325.281219213492,True,0.9963787970761574,196.256318050132,2,,50000,pressure-zone01-tail-20260920-171235.csv,0.8898815442867782,seven_zone,user instructed single zone per recording,0.015884542938446575,10.315565706839834,9.425684162553056,2669356.0,91.3158374469436,378,9.517,-11296.5,127.88505978281428,10.598903720872372,461973.2266613875,126.73216886459707,117.06460489911841,109.682561028972,74.32102233646987,2014.1808103069395,13.365770620329208,1.7318518816595103,0.0005919188851107663,2.0027613219642006,9.416,3645272.0,415,1.3655997926091537,10.448,155.6750106159086,1
81.5457403560778,437429.98082688183,1.1127839142490148,165.96979087376,2.3015322014465496,3936241.0,4581.623230635622,True,0.9971411687302739,189.56460055325763,3,,50000,pressure-zone01-tail-20260920-171235.csv,1.1246094057153542,seven_zone,user instructed single zone per recording,0.011717635453027774,16.234838572440356,15.110229166725002,2635600.0,96.77083327499858,604,15.207,-6818.5,140.6869433973874,16.50630433822939,486765.04627440905,139.83792410070808,76.67061008061182,129.51736182492368,82.36452239691161,575.2546351643924,12.66590879904746,1.738011611140549,0.0005710516669137564,2.0061366478001847,15.081,3480923.0,649,1.320732660494764,16.34,154.22219647170544,1
73.79929255458255,439819.5851377992,1.0961770482201165,157.57763483844056,1.9722360451905168,3940937.5,4321.29730520824,True,0.9964971827313059,171.50623713984814,4,,50000,pressure-zone01-tail-20260920-171235.csv,0.9354023248937686,seven_zone,user instructed single zone per recording,0.010211457404609854,21.814021323212838,20.87861899831907,2791129.5,119.38100168093158,834,20.998,-4810.5,145.2174006699849,22.092359019550027,482120.134585749,145.20757011130428,75.40951534324947,132.84252689981813,86.96029948244899,645.9008262717757,12.734772786428207,1.7540532660321926,0.0003614966094938141,2.0404504054161134,20.847,3320213.5,870,1.1895591014318756,21.905,144.19915562650587,1
87.89906603031329,404854.7276818623,1.1677132192140705,165.20754868765377,2.3919902351631475,3942042.5,5736.46783722353,True,0.9926977324289188,199.5397715512155,5,,50000,pressure-zone01-tail-20260920-171235.csv,1.1187934773741688,seven_zone,user instructed single zone per recording,0.011354647313444865,27.640654424569693,26.521860947195524,2450582.5,116.13905280447767,1058,26.638,-5998.5,142.37266113217828,27.91784551746351,472754.2173754233,140.38002110222448,80.47426808340319,128.68242055861145,83.4199774806379,427.1936267293865,13.236281577950237,1.6762207113720964,0.0017018353182763212,1.9655402816873158,26.462,3367674.5,1102,1.3742342891945079,27.746,153.26212824499663,1
,,,,,,,False,,,1,recording_boundary,,pressure-zone02-back-20260920-171556.csv,,seven_zone,user instructed single zone per recording,,,,,,3,0.076,,,,,,,,,,,,,,,,,,,,2
91.87714908391563,374561.67865142133,0.9737254182106759,268.0854931308921,1.067832799010301,3945761.5,1354.2518451159667,True,0.9431139571628512,164.41147318446258,2,,50000,pressure-zone02-back-20260920-171556.csv,0.9280503888358993,seven_zone,user instructed single zone per recording,-0.017092377641271927,6.93684222386103,6.00879183502513,1397172.5,209.2081649748696,247,6.218,-11151.5,170.68699154498825,7.3496587202132035,364720.22719054803,214.91975852216714,187.59139214628905,207.02902707205695,153.96743135895807,1031.6932592994606,6.703309720166885,1.3964195804215411,7.313995746296862e-05,1.5191028295186706,5.941,1697006.5,284,1.2146005593439608,7.149,272.74041756119163,2
137.71802467213095,317764.1863086604,1.0861410357134098,237.5695098538614,3.81318596557543,3949261.0,4014.298014285935,True,0.9950920489051923,307.1269786104818,3,,50000,pressure-zone02-back-20260920-171556.csv,1.0760086498377053,seven_zone,user instructed single zone per recording,-0.006172793356275555,12.810925413389796,11.734916763552091,1337563.0,97.08323644790973,470,11.832,-15809.0,168.00920218257966,13.317071263363902,345136.72242991737,228.8136056550376,289.5166942836589,201.4254101459656,80.54340422501127,333.1997263880086,13.616465168369448,1.5037995624111993,0.001964665761410948,1.7323070067626725,11.681,1508375.0,521,1.127703891330726,13.116,214.8097072544921,2
179.30700337874342,569264.8638300265,1.1413416998642227,276.2094924937883,3.143987333962773,3940809.5,1299.4861397875702,True,0.9890065469307758,359.73294762602495,4,,50000,pressure-zone02-back-20260920-171556.csv,1.0503004085135323,seven_zone,user instructed single zone per recording,0.01797316289093176,18.57040992426281,17.520109515749276,2060989.5,177.8904842507245,703,17.698,-8364.0,178.78294458043698,19.098806518410246,649725.7273567377,320.06027917428884,286.88195077743114,328.44636417852155,114.41933742544919,1586.0034492841257,9.966012031524814,1.317492570826626,0.0003372936084639022,1.4919091701543097,17.421,2030010.5,751,0.9849688705352453,18.907,232.59409838282608,2
131.12575775266973,486584.18985933164,1.0677295948066345,220.60942039149774,2.8523874995426612,3944075.5,1037.8263956462083,True,0.98304237328898,290.49055852739514,5,,50000,pressure-zone02-back-20260920-171556.csv,1.3185382560865584,seven_zone,user instructed single zone per recording,-0.0029216056226853337,24.89467137703159,23.57613312094503,2205636.5,139.86687905497064,942,23.716,-10725.5,175.1696485321581,25.413795523577235,519540.3398778187,283.1860452598193,291.5421704837797,295.0001150458768,101.84119744388553,2125.24610016943,10.866740734477945,1.458082729170485,0.00010310570621083852,1.6829510377996961,23.489,1834625.5,1002,0.8317895990567802,25.226,196.75590958408762,2
167.167005822047,674371.1346056197,0.8835198076951739,274.895150813845,2.8058524191621363,3942744.0,900.9633885458388,True,0.9926632708186187,375.18676711629337,6,,50000,pressure-zone02-back-20260920-171556.csv,1.364994548798311,seven_zone,user instructed single zone per recording,-0.04848454708433169,30.86067504868828,29.495680499889968,2453194.0,161.31950011003227,1178,29.657,-3434.0,177.28539179788427,31.404942935394313,595820.2551619334,298.19833627297453,311.6623322315988,313.9712757457893,133.71578795592143,2722.8564791733347,8.915952020101649,1.3662548644511179,0.00016591764433753793,1.5481416042729899,29.431,1998067.0,1239,0.8144757406059203,31.193,238.32838145365542,2
137.23024388187076,112185.20797035901,1.2311281734435604,272.53563951160373,1.8479829969629742,3933698.0,703.2705738192094,True,0.9808489344786755,284.2060699012232,1,,50000,pressure-zone03-right-hind-leg-20260920-171839.csv,0.7899981706921309,seven_zone,user instructed single zone per recording,,4.329464796841586,3.5394666261494554,411635.0,212.5333738505444,149,3.752,-5226.5,179.22462890503877,4.80867107001321,138114.37017593405,210.9137987959374,224.4910659083521,184.2655871860943,153.7925783777747,585.3152617555978,7.990379826788324,1.31868252101456,0.0005066591799556539,1.5136629761089377,3.55,654838.0,182,1.5908219660621667,4.583,237.82548409716009,3
134.17842026458686,116431.24326932183,1.2287761971623892,239.1696288202628,1.9764371364883466,3927027.5,1473.7389185334016,True,0.9980765574105099,285.246997869935,2,,50000,pressure-zone03-right-hind-leg-20260920-171839.csv,0.7804432291565551,seven_zone,user instructed single zone per recording,0.05801696539441615,9.774005400545486,8.99356217138893,486814.5,171.4378286110687,364,9.165,-490.0,178.11055214272108,10.230472515321075,143067.9403353663,194.75717667504037,228.71032062415608,153.5522778331604,144.3238404115146,330.3261479207293,8.095960102319877,1.4216117587540704,0.00022385565395347751,1.6264030297710357,9.014,734596.5,398,1.5089864825308203,10.021,204.63302109930837,3
156.45181422531505,109027.50231888537,1.1847911921139258,224.2568271938157,2.71464700456995,3929368.5,1394.530444271476,True,0.9942170981421349,340.9834180649334,3,,50000,pressure-zone03-right-hind-leg-20260920-171839.csv,0.7180156679490715,seven_zone,user instructed single zone per recording,,15.153040636884826,14.435024968935755,486172.5,142.97503106424438,579,14.578,-4368.0,177.9106458912256,15.65905786668596,129174.82444559601,212.09875752829862,259.0901330776028,177.55843364068014,125.60875041613428,348.62810058907246,8.897418097485849,1.4482870071678513,0.00044762406007541083,1.7236752879308965,14.453,609031.5,614,1.2527066010520957,15.46,177.83501466393227,3
147.05739917136523,108147.55436834114,1.1744158405004061,302.87536283088065,1.9301391328157707,3930826.5,943.115818709452,True,0.891041075343328,298.87937754967095,4,,50000,pressure-zone03-right-hind-leg-20260920-171839.csv,0.7351270192679458,seven_zone,user instructed single zone per recording,,20.50120946498691,19.766082445718965,357069.5,200.91755428103397,793,19.967,-11798.5,178.5032876594741,20.975032941139755,127010.20096155873,214.30696409897274,236.6810151813361,173.410666141514,154.84861814788076,378.6062039428089,7.4421366148611146,1.1821938216203487,0.0008277395068439714,1.3119921709814262,19.791,592655.5,825,1.6597763180557286,20.773,314.994525694523,3
144.95645607167552,107936.5087755117,1.109372891003462,281.35282267867734,1.3545678287033691,3929658.0,1558.478360452913,True,0.8527600654138174,238.47080789582265,5,,50000,pressure-zone03-right-hind-leg-20260920-171839.csv,1.1141306871028505,seven_zone,user instructed single zone per recording,-0.04675810798834305,26.314501693057096,25.200371005954246,383634.0,205.6289940457532,1009,25.406,-4245.0,172.42845178035893,26.640070314052874,119741.83678510996,171.12968553596178,92.91615212976012,159.88498342280622,176.04936633117418,246.1593370398234,6.049515944885312,1.3689472288511249,0.0012864927679589477,1.5355025279029155,25.23,699714.0,1050,1.8239102894946746,26.438,286.9630411535518,3
149.30418392201014,110947.17962702342,1.2570901482755854,247.83112571583786,1.9738301013384039,3925690.5,1277.3260537153387,True,0.9562364403826344,285.32651537267736,6,,50000,pressure-zone03-right-hind-leg-20260920-171839.csv,1.052203003009101,seven_zone,user instructed single zone per recording,-0.07509842574649996,31.288493867129922,30.23629086412082,447672.5,179.70913587917892,1208,30.416,8597.0,176.86943889407303,31.781484409362236,139470.6064880929,207.49660457777875,258.7929724407978,165.4506290419384,144.55474925587808,350.476292797647,6.83901736202285,1.2969518610233628,0.00022083211060992163,1.4779509265864539,30.265,672158.5,1254,1.5014513958306575,31.574,220.20788732267604,3
223.97217920630905,117479.68061835205,1.1682193021377325,379.728005075828,3.7448093513864276,3941891.5,2073.6356303603584,True,0.9726654912194603,421.96715150318596,1,,50000,pressure-zone04-left-hind-leg-20260920-172018.csv,0.9373738648904335,seven_zone,user instructed single zone per recording,,3.1851865938479627,2.247812728957529,309378.5,144.18727104247074,95,2.392,-4577.0,167.99320351404523,3.586747558519532,137242.03050733494,183.2592538042156,177.08588846071206,152.1484687225305,112.6805430954616,149.19617288126744,8.720968005210322,1.297631970288411,0.0005746726975249358,1.4724254150327234,2.266,748895.5,135,2.4206449381582753,3.399,340.0217405982322,4
147.22197874280965,90283.87363309343,1.293720209597119,366.5650561439783,1.5985877750941146,3938353.0,1491.6562095536626,True,0.9660370040742031,320.3364769975776,2,,50000,pressure-zone04-left-hind-leg-20260920-172018.csv,0.8828338236528506,seven_zone,user instructed single zone per recording,,8.239043465745539,7.356209642092688,246297.0,272.79035790731143,303,7.629,-3200.0,168.79914274672103,8.701414356827696,116802.07191984543,192.76082390562385,240.22237663420577,156.67692769898701,200.38716796687515,165.1164647876186,5.3129351961251166,1.1674733742563517,0.0019297669863924572,1.3111292979622013,7.402,605943.0,338,2.4602126700690627,8.51,360.604069909904,4
144.15658632187007,76820.77435725123,1.4774907465776692,293.8798263106297,2.4225780959963754,3941788.0,3462.5008664258844,True,0.9121261513581272,287.5272105172559,3,,50000,pressure-zone04-left-hind-leg-20260920-172018.csv,0.7863728602415794,seven_zone,user instructed single zone per recording,-0.015914185813421473,13.917301660280971,13.130928800039392,261402.0,162.07119996060726,528,13.293,-9740.0,169.28323273065615,14.315508533096576,113501.98325776978,189.14097048080924,169.01807853007432,170.229001631661,118.68645679263423,75.49514356362555,8.384227535190483,1.2260958040353815,0.000388129790740526,1.3471481941201837,13.167,600092.0,561,2.2956672098912785,14.124,296.8350719529678,4
132.19852059746682,88886.46556662844,1.378931298465385,281.75751396442604,2.2710548531215067,3935053.5,1098.6173071183614,True,0.952306128006604,283.0255867668612,4,,50000,pressure-zone04-left-hind-leg-20260920-172018.csv,0.7624140318335293,seven_zone,user instructed single zone per recording,,19.049441185257106,18.287027153423576,315471.5,166.97284657642442,733,18.454,-2218.5,167.08863927042472,19.40193161302642,122568.32937978969,176.7891063133188,128.19764442927095,160.73678575430606,124.62296380813953,287.1532224696804,8.582581944802522,1.1942755359470738,0.0005649839110742552,1.3368984153408543,18.328,693302.5,763,2.1976707880109614,19.209,289.7048939224511,4
148.79421716905023,98933.43076077552,1.1426209421573856,297.1317427413545,2.3113984814586064,3938478.5,2203.430980879592,True,0.9744120094167814,332.75151732840413,5,,50000,pressure-zone04-left-hind-leg-20260920-172018.csv,0.7651178830530014,seven_zone,user instructed single zone per recording,,24.332842753598236,23.567724870545234,332961.5,197.27512945476633,944,23.765,-1616.0,175.52218588295787,24.753828658564238,113043.4098667398,185.4193499639388,195.67855438840098,149.18725414937484,143.96112137203687,151.11047402405336,6.269673821147847,1.2512882347227656,0.0012760422469409057,1.4287392408321782,23.589,609663.5,975,1.8310330173308325,24.546,285.34764425847214,4
137.25637919697334,98776.57176871694,1.2714805632766089,282.73132798950365,1.7215769733331188,3935946.5,3262.6116701195074,True,0.9729272490966809,277.5361348070966,6,,50000,pressure-zone04-left-hind-leg-20260920-172018.csv,0.7947801680894919,seven_zone,user instructed single zone per recording,-0.029927110719289683,29.623384371307697,28.828604203218205,349365.5,198.39579678179575,1153,29.027,5509.0,149.87283017969943,29.990835619320094,125592.4911110206,169.87786743326464,165.26857371716375,145.60113762764004,161.21041295630434,107.08154549916232,7.347949353900559,1.2197814393191277,0.0001648389842900608,1.3317912948109556,28.876,739310.5,1184,2.1161519955462116,29.808,279.1045178651217,4
294.5734144171296,90327.32685355988,1.438607397075216,420.52807026960534,1.3345064803758984,3947173.0,2623.515006151099,True,0.7703715405516491,432.1122517457958,1,,50000,pressure-zone05-right-front-leg-20260920-173826.csv,1.0425401849654579,seven_zone,user instructed single zone per recording,,5.233443740602893,4.190903555637435,214795.0,365.09644436256485,181,4.556,-2087.0,166.0082269070564,5.600861438859945,129945.56056956203,182.780954360958,143.9637355894643,162.62158410579718,323.7992906741676,81.8729831910209,3.6017598175003562,1.4305301719063703,0.0014484308538599607,1.7137864776097878,4.305,710936.0,215,3.3098349589143137,5.412,370.1934615103024,5
176.2692233957731,91827.53223797471,1.1040661639482467,326.63144837168875,2.10002264473701,3948229.0,1383.0612522589158,True,0.9626206418640699,342.20846255021974,2,,50000,pressure-zone05-right-front-leg-20260920-173826.csv,0.7938483792221245,seven_zone,user instructed single zone per recording,,9.684319625484404,8.89047124626228,281135.0,221.52875373772042,362,9.112,-2003.5,175.32653685853637,10.043776277157956,101383.67126281469,185.77114084932467,124.85415207483186,174.45247592216262,162.95465356425964,203.27010068486118,6.847813328116287,1.1183348996924516,0.0009775659708223014,1.2488546901886706,8.936,545745.0,391,1.9412204101232504,9.842,298.7465377155107,5
146.6158930607039,66050.16026905274,1.4326203231483536,308.71196738108534,2.083596473722994,3950740.0,1292.1947405480337,True,0.9203137854119201,323.94690112023386,3,,50000,pressure-zone05-right-front-leg-20260920-173826.csv,0.7644722090334657,seven_zone,user instructed single zone per recording,,13.805428588816671,13.040956379783205,213954.0,199.0436202167949,526,13.24,-3753.0,188.9359524375962,14.220008136696501,94624.80194865089,223.44573993730725,156.9001697942234,222.09965647775576,155.47487491251212,165.57411455587555,8.13025229722283,1.1707461155309697,0.0012758153876190072,1.3430694689392602,13.089,423480.0,556,1.9793039625340025,13.995,296.177359195994,5
130.53588647057967,65730.56192145991,1.3200326101789674,313.8718017818861,1.3960614594737588,3950818.5,708.3218548089561,True,0.9934778503351678,261.01761342993154,4,,50000,pressure-zone05-right-front-leg-20260920-173826.csv,0.6485723270544135,seven_zone,user instructed single zone per recording,,19.336854848731573,18.68828252167716,209418.5,239.71747832284152,752,18.928,-5436.5,194.0013288058715,19.792304151155744,86766.48522171497,223.96177039882136,192.44283569465637,201.60459556318244,186.96713648145646,295.65443813177694,6.085613257663828,1.0927276811073545,0.00021905205765768282,1.1937049607697543,18.727,387416.5,777,1.8499631121414775,19.557,305.04681170617687,5
182.8859694742946,74958.03295268142,1.3001433654584016,382.1036282072947,1.3497790447318556,3950998.0,829.3249830434388,True,0.9365762221052893,319.5483817149061,5,,50000,pressure-zone05-right-front-leg-20260920-173826.csv,0.758745932513424,seven_zone,user instructed single zone per recording,,24.755566659428943,23.99682072691552,196172.0,317.17927308448066,966,24.314,-1262.5,183.58429803632248,25.153055364511694,97456.18923124098,209.1289655398832,137.79706152095983,193.89671604416137,236.74125254951406,236.54418233017924,4.627163917378232,1.1248662871761546,0.00020206572778100977,1.2469823540681144,24.063,466010.0,990,2.375517403095243,24.918,367.6935328240028,5
150.00576451522008,70518.57274588627,1.285818032480101,381.06406537383765,1.6248574662416853,3949609.0,591.0981390598349,True,0.9655415126349005,332.2502751510825,6,,50000,pressure-zone05-right-front-leg-20260920-173826.csv,0.7368102297963013,seven_zone,user instructed single zone per recording,,29.972074779233097,29.235264549436796,185057.0,264.7354505632045,1172,29.5,-2460.0,176.07903444275053,30.39708069511356,90674.05246142035,221.1891341429343,180.5090986625686,203.5792956743414,204.479643325012,313.07322383782247,5.238169861178205,1.0764801257070653,0.00024437016667648115,1.1700772476348098,29.298,409939.0,1199,2.215203964184008,30.179,385.33064552431995,5
195.83128218210797,78316.16226399435,1.2597237712999176,300.64536068652137,1.4046566029894187,3963577.5,2523.9073848895487,True,0.9125594266938596,265.07663535999427,1,,50000,pressure-zone06-left-front-leg-20260920-174028.csv,0.6296064598911177,seven_zone,user instructed single zone per recording,,1.7005921117483647,1.070985651857247,260493.5,213.0143481427531,51,1.284,1081.0,167.07540538583143,2.1557413769123785,98656.73128093526,192.6345616929114,237.54993915828894,157.79105932105784,188.71276780093638,103.21040366201858,6.834565929668135,1.1657378701457044,0.001850372891677997,1.3906735483219208,1.108,512144.5,78,1.9660548151873272,1.964,260.1069165629115,6
196.79622154087343,80473.9214074563,1.2317128116501,345.052874117606,1.235392394708956,3961862.0,2048.490224531228,True,0.9010986306065881,273.59207688925926,2,,50000,pressure-zone06-left-front-leg-20260920-174028.csv,0.6284039418162877,seven_zone,user instructed single zone per recording,,5.721362078132745,5.092958136316457,233222.0,269.041863683543,213,5.362,-4129.0,185.28850651622088,6.132563960226927,99120.76000128717,205.96778349711826,167.80721501995987,177.18198645461757,221.46168137429268,113.85067754149036,5.4173276963579,1.261598669596454,0.00033142117561434125,1.483951973408819,5.135,481244.0,235,2.063458850365746,5.916,335.47114992890846,6
68.11705283517966,78863.18524381363,1.117761472959971,275.63601593008934,0.6615956513541954,3957866.5,775.9135261097077,True,0.955438198339664,136.52367091808946,3,,50000,pressure-zone06-left-front-leg-20260920-174028.csv,0.49909261167167784,seven_zone,user instructed single zone per recording,,9.969891695388478,9.4707990837168,286113.5,246.2009162832004,386,9.717,-3737.0,177.92146243726847,10.318752844790776,88150.23010044017,188.88208474803145,98.63582015687555,176.20938581952396,206.3551515773181,368.74405506825246,6.357197405924482,1.5009239487060815,5.478151054856974e-05,1.6673237388174131,9.516,466694.5,401,1.6311516233942125,10.095,272.2507682338779,6
149.1362751679585,76092.70186658877,1.3620914803662123,374.8335100125553,1.2420261077188024,3955180.0,808.5835702016212,True,0.965436569462145,288.61899177518245,4,,50000,pressure-zone06-left-front-leg-20260920-174028.csv,0.6962419178328751,seven_zone,user instructed single zone per recording,,14.202051299329757,13.505809381496881,203004.0,290.190618503118,548,13.796,-4260.0,178.34519336159536,14.530235453493265,103645.22093052675,165.21194957579576,97.7076459047641,151.00845889283045,232.37755630216304,251.06124769438577,5.802644282871191,1.4639365185389464,0.0008899440078918347,1.74066262412087,13.569,627347.0,569,3.0903184173710865,14.325,350.16121880575037,6
155.20052819214322,70110.81027241348,1.28405773294747,354.2255997029889,1.0251417227395503,3953376.0,722.9970885141931,True,0.7818511839832379,250.49161479311977,5,,50000,pressure-zone06-left-front-leg-20260920-174028.csv,0.6775848192206695,seven_zone,user instructed single zone per recording,,19.243550012590834,18.565965193370165,197927.0,290.034806629837,749,18.856,-3119.5,178.00691283203562,19.597135946955063,90026.32809350545,186.05978231896086,116.34841425227194,178.50896927673077,244.34827813242777,273.759055388111,5.506878798748565,1.3107336367015643,0.0006906660911366235,1.506005108746131,18.68,483857.0,770,2.4446235228139668,19.385,372.9741088089966,6
156.69443630283104,64465.936922546214,1.4237956338110977,398.70452705384866,0.7191535883494964,3957473.5,2874.564452225763,True,0.9099338513447905,198.95390166366766,6,,50000,pressure-zone06-left-front-leg-20260920-174028.csv,0.748524443053789,seven_zone,user instructed single zone per recording,,25.14150985757755,24.39298541452376,161688.5,329.01458547624077,982,24.722,-8344.5,181.21254170998213,25.48239650237883,91786.31951986294,168.22466200197564,105.54041435044681,152.85500458453072,276.6500854431939,56.247999544698075,5.527913240582501,1.370747003304887,0.0005985783230823191,1.6609904514538274,24.47,545617.5,1004,3.374497877090826,25.276,438.24269467202015,6
95.72109096037406,73096.03583216835,1.0804719369801072,286.65280710344706,1.1361464400500079,3950131.5,633.9410777035985,True,0.9460425446698336,237.89525458015603,7,,50000,pressure-zone06-left-front-leg-20260920-174028.csv,0.8138764682290045,seven_zone,user instructed single zone per recording,,31.263461695501732,30.449585227272728,254998.5,239.4147727272724,1219,30.689,-3176.0,172.68816267282716,31.65511214265192,78978.21542115026,186.97383519545994,166.99212139497988,161.4359221403987,209.38784490640572,402.2432193914803,6.613215371855505,1.2938512073632273,0.0019953242162289585,1.4662494973538236,30.538,422402.5,1249,1.6564901362164874,31.444,271.98917268794173,6
113.04038131292101,91568.61438101032,1.3877173266785237,279.0216098940674,1.7770186603151223,3952890.5,2886.6220825560104,True,0.9312032676413585,227.0005094744647,8,,50000,pressure-zone06-left-front-leg-20260920-174028.csv,0.5410096176013539,seven_zone,user instructed single zone per recording,,37.129677662173606,36.58866804457225,328177.5,191.33195542774928,1461,36.78,2816.5,173.01368984154664,37.44907809120917,127071.35275647226,158.72956833745727,96.0830251947371,142.32696890915264,127.74233301197313,113.68911156856718,7.782495753058694,1.5608011482270474,0.0007218847523445693,1.8563713990019035,36.604,800552.5,1480,2.4393887454197802,37.259,283.6109057149585,6
118.05647751943755,68179.03859559934,1.0510939629429263,237.00475231332948,1.1227666249584745,3960579.5,1366.1458926483658,True,0.9864433824011806,231.35872375987776,1,,50000,pressure-zone07-neck-head-20260920-174226.csv,1.0521492400894141,seven_zone,user instructed single zone per recording,-0.017391485715378237,1.9248963954002654,0.8727471553108511,287669.5,235.252844689149,44,1.108,-3804.5,176.810600336911,2.333531375522584,71662.57586708723,170.64204169480374,184.35295385097206,141.12808108647235,206.06127633018534,210.57011666765203,7.134576310662024,1.4306010544895837,0.0010955175290835453,1.6383306733311886,0.907,419958.5,85,1.4598645320411097,2.141,203.93882863459356,7
186.42129135819505,61226.63253637242,0.9119050145916567,388.06541341648443,1.7979370063256828,3956790.0,647.0156025939405,True,0.9877991756834962,404.6592509230926,2,,50000,pressure-zone07-neck-head-20260920-174226.csv,0.9253611387921294,seven_zone,user instructed single zone per recording,,5.865307111612812,4.9399459728206825,157774.0,273.0540271793176,207,5.213,-590.0,157.60693187092212,6.218747202771962,55832.87323647869,177.62389205196635,138.8631812576353,161.877062235547,225.0686478443793,243.84883357908316,4.598983355939443,1.2222101888693278,0.001748582781096687,1.3648571908501386,5.036,314332.0,240,1.9922927732072457,6.044,368.7743266767258,7
165.45572505021906,67118.73669355226,0.8728022094436257,438.8609584476915,1.2695233383852498,3958268.5,1141.7132860311294,True,0.989792233140843,347.8020934159183,3,,50000,pressure-zone07-neck-head-20260920-174226.csv,0.8555931555012162,seven_zone,user instructed single zone per recording,,10.662683184660457,9.80709002915924,152938.5,391.90997084075894,405,10.199,-964.5,157.0817438292842,11.036358254981455,58581.38168119737,163.4158111283525,174.97589837506132,131.86097874679348,273.9627408963585,133.95525993364856,5.1306897870715655,1.1184500204042338,0.0011909572089755284,1.3064747913329986,9.897,358480.5,431,2.3439519806981237,10.854,417.70342049347954,7
256.82297704522824,81811.48937418599,0.9600055652843683,409.40953907453405,1.4217149820458466,3967947.0,1033.0841156459624,True,0.8588076155027022,330.7872003475154,4,,50000,pressure-zone07-neck-head-20260920-174226.csv,0.7678716508788259,seven_zone,user instructed single zone per recording,,15.289395610030436,14.52152395915161,199828.0,310.4760408483909,589,14.832,-14736.0,189.49851802139682,15.69291370716511,78539.48510342151,186.36115268337025,158.5386189579179,159.82582124696341,232.6677319468864,193.42858628220455,5.130011810156662,1.1065667341991796,0.00023334891281994428,1.2405321308397812,14.581,421437.0,615,2.108998738915467,15.487,366.8036533560457,7
133.06789429190812,77124.14868268925,0.922782674769235,383.25319679027433,1.0782155140924625,3956536.5,633.2453000220372,True,0.9023098002317124,242.75356201716036,5,,50000,pressure-zone07-neck-head-20260920-174226.csv,0.8471975209800959,seven_zone,user instructed single zone per recording,,19.71475359367513,18.867556072695034,201235.5,270.44392730496725,760,19.138,-9345.5,165.60245274725105,20.114204014698814,71168.82821071216,190.03768562681068,176.73442015360763,168.71488704041582,225.14382221766382,317.78443518332773,5.451125671165904,1.1749211458102367,0.0009695847272125494,1.2799509939734006,18.962,374498.5,791,1.860996195999215,19.919,378.9386539436741,7
125.67983345702336,77944.88277400113,0.8893120436920464,333.60461202382737,1.2813566094770992,3952543.5,1169.3483484402755,True,0.9759747651349368,259.24095269838074,6,,50000,pressure-zone07-neck-head-20260920-174226.csv,0.9452310610756598,seven_zone,user instructed single zone per recording,-0.02999214618790513,24.794257905919558,23.8490268448439,233644.5,274.9731551561006,958,24.124,-1613.0,156.64130499985873,25.12975812889923,69317.32299508393,162.8924226838196,130.5166465004568,148.88019783773743,202.31756778791876,199.8074400255874,5.45238599667397,1.2230447528094612,0.0001822095123665482,1.3270696737139962,23.922,425540.5,991,1.821316144826863,24.954,318.6456256126071,7
161.84420352104814,89814.22648539448,0.8671366740450818,352.23060973851403,1.5529061361308298,3953191.0,553.7379705239654,True,0.992588755823755,355.71122935571253,7,,50000,pressure-zone07-neck-head-20260920-174226.csv,0.8464068883629956,seven_zone,user instructed single zone per recording,,29.484958977407846,28.63855208904485,254987.0,269.44791095515086,1148,28.908,348.0,163.43611048350226,29.87377040670199,77881.20963647666,183.14432770867774,172.6830878110519,158.5630381707439,229.06164196246337,460.4831410761353,5.17940130281181,1.176991194831595,0.0007014246552924511,1.2924655522867763,28.706,425245.0,1179,1.6677124716162,29.688,326.65882608242214,7
111.77158835664706,298245.07185077184,1.1387287987086918,245.4473773942496,1.9036042586809256,3956867.0,1081.8363508405512,True,0.971696299860628,237.1887999531892,1,,50000,pressure-tail-back-20260920-164229-continuous.csv,1.1764041582237823,alternating,"provisional: tail-first alternating order, no independent event timestamps",0.0010237773103296168,4.725950156831994,3.5495459986082114,1215108.0,175.4540013917887,148,3.725,-1348.5,141.85825204176615,5.025993817019293,339620.2523894169,140.41913704000257,110.83538453352482,124.49646895707467,124.59984730100659,1123.1902117689992,8.480003423564026,1.3484443540413096,0.00033115520266790505,1.48397929101018,3.524,2418618.0,193,1.9904551694170394,4.858,237.03719997961326,1
146.5380898158367,639525.8016927688,1.1061773519892941,266.83809889291433,3.201988617720896,3973415.0,8505.151071556578,True,0.9530318563838004,311.2747594736893,2,,50000,pressure-tail-back-20260920-164229-continuous.csv,1.36249216451374,alternating,"provisional: tail-first alternating order, no independent event timestamps",0.015148031798975333,8.262162993089424,6.899670828575684,2396681.0,123.32917142431566,279,7.023,-34796.0,340.18957260756724,8.91837943780624,707428.9578453375,416.8855655571019,172.82223827196754,421.0240078157295,97.2129500245531,281.7917024443129,10.440237979105124,1.3507168168747978,0.00018987104647590498,1.5155896816705086,6.822,1696938.0,337,0.7080366556917671,8.483,265.11585570326446,2
137.06068456046657,266061.75206673756,1.2194198836148267,216.88856069696172,3.83551180866081,3956627.0,1649.7447946576465,True,0.9932489975487372,312.0901068518904,3,,50000,pressure-tail-back-20260920-164229-continuous.csv,1.1605156677852442,alternating,"provisional: tail-first alternating order, no independent event timestamps",0.007375760258445075,14.311214859976715,13.150699192191471,1226721.0,114.30080780852947,527,13.265,5607.5,145.4764487053346,14.619095950364525,324440.990739578,147.84958922218703,112.35123763423083,132.10614285609523,81.36856889533561,743.5822825278669,14.057083884599477,1.484102314657554,0.0006037943998495581,1.7342229028409217,13.14,2194399.0,574,1.7888329946255097,14.448,197.06574612511395,1
76.28768368363534,382103.3992694109,0.9040362557173122,157.41771300975617,2.2631994757425766,3956917.5,2231.742128360712,True,0.9944029695684014,178.51046340901533,4,,50000,pressure-tail-back-20260920-164229-continuous.csv,1.4459646311949932,alternating,"provisional: tail-first alternating order, no independent event timestamps",-0.004382402578315234,18.315824408691256,16.869859777496263,2427321.5,96.14022250373822,674,16.966,-12343.0,163.49431318983676,18.8284575470703,345435.32637237536,266.8295955692397,306.9093128164795,277.2922871143635,78.87526721454563,1087.6352913510432,12.917942678792974,1.7187670897489367,0.0007676691920541626,1.9972710813260828,16.764,1294591.5,741,0.5333415866007037,18.652,147.93952224893303,2
107.39702416924055,246191.78708155695,1.2140807877639759,205.9710912034417,2.3104252518110786,3952790.5,911.3246114859402,True,0.998826811994415,238.58788943838505,5,,50000,pressure-tail-back-20260920-164229-continuous.csv,1.121641239841928,alternating,"provisional: tail-first alternating order, no independent event timestamps",0.0018610803301503799,24.457215222779364,23.335573982937436,1195273.5,124.4260170625644,932,23.46,1996.5,131.82273736909877,24.702397129252756,298896.71880099765,116.68886491446567,75.13595325292144,103.78291587993616,103.26579024851057,1311.5782070793339,9.188859286179325,1.5272938026930445,0.0002892790673239443,1.7341504682703268,23.334,2561484.5,975,2.1430112020386964,24.543,187.82317532251014,1
129.90354307985683,601493.6771272407,0.9555221587500139,215.22517732638525,3.1088153531117846,3960575.0,1149.016514241636,True,0.9883734975449245,275.3029806865612,6,,50000,pressure-tail-back-20260920-164229-continuous.csv,1.0096702758640639,alternating,"provisional: tail-first alternating order, no independent event timestamps",0.002760385842149369,28.526304088298232,27.51663381243417,2794718.0,122.36618756583084,1098,27.639,-21809.0,172.91090838643441,29.206945117531326,574740.5368431049,367.8320602794385,451.1944316664973,373.06171772408095,88.55559092983611,2432.2696544048763,12.149705265431827,1.4439337792738676,0.0002498667054652504,1.6513382292035497,27.437,1562508.0,1152,0.5590932609300832,28.998,201.99455986876202,2
86.28841877016454,265733.925699145,1.1739935047476215,209.31718745686487,1.5810750684698962,3954623.5,1498.4929062227823,True,0.9963761321116431,196.78173999626836,7,,50000,pressure-tail-back-20260920-164229-continuous.csv,0.9821357028291118,alternating,"provisional: tail-first alternating order, no independent event timestamps",0.01681216042976619,35.02522265964961,34.043086956820495,1269527.5,165.91304317950772,1359,34.209,7172.5,141.62721746196638,35.32655096700579,311969.9027618833,141.8953465261206,117.63037349281547,124.46165723918767,124.46071911481482,847.2028761217628,7.833402584820387,1.4879672643919821,0.00038369318279098504,1.6709087437941286,34.033,2198591.5,1397,1.7318187278337807,35.166,199.21727438335068,1
108.50102203888376,378057.6129694328,0.8594502553966922,177.6548541699098,2.6546447093612993,3954854.5,989.1527232940322,True,0.9621194503853324,227.86302797761238,8,,50000,pressure-tail-back-20260920-164229-continuous.csv,1.0899586332891928,alternating,"provisional: tail-first alternating order, no independent event timestamps",-0.011213341068130357,39.50038565259218,38.410427019302986,2128045.5,103.5729806970167,1530,38.514,-11008.5,165.90550828263417,40.004762208056334,324921.7120212428,228.77323850304208,297.10927179929314,206.73584749892626,85.83560247218003,2151.3821373440474,12.92013728090004,1.600558204241734,0.0009359113819819386,1.899738094127411,38.338,1420278.5,1582,0.6674098368667399,39.823,157.88802641411337,2
85.96859441017395,299797.15549296036,1.095529509730833,180.06673313199886,2.233006308545834,3958513.5,3291.702030864884,True,0.9965507633867742,196.6574584310834,9,,50000,pressure-tail-back-20260920-164229-continuous.csv,0.8664267212057553,alternating,"provisional: tail-first alternating order, no independent event timestamps",0.0034292887506775843,45.5111337552646,44.64470703405885,1664922.5,113.2929659411559,1778,44.758,-10113.0,150.1230757548484,45.80477293636191,328436.6307759012,145.68612921366483,97.13788269823453,133.11467326285964,88.06847418140507,505.79380648331255,11.926681271951775,1.6187019183049702,0.00039182724253298016,1.847256280266937,44.607,2254412.5,1813,1.3540645285291057,45.639,168.08818076894028,1
144.46394876229317,396886.22953920177,1.0359383937858095,198.28201063595915,3.3798619506402137,3961751.0,2305.614839364979,True,0.9846729658741955,290.5455342120007,10,,50000,pressure-tail-back-20260920-164229-continuous.csv,1.0615226371614952,alternating,"provisional: tail-first alternating order, no independent event timestamps",-0.006914881658652345,49.7473087652746,48.68578612811311,2001625.0,99.21387188688868,1938,48.785,-20951.0,171.1843649546978,50.21957289072229,411149.68314454675,249.06916764524306,251.69131953522594,254.3253323648358,85.96372823954113,868.1523755942233,13.337103603323058,1.6365976898488543,0.000652605384691004,1.9654738205633888,48.634,1650745.0,1987,0.8247024292762131,50.019,158.44054509874894,2
121.89869775892838,268119.46317234484,1.2732041030014356,220.7576709346773,3.152042094728806,3958392.0,2411.5715596888267,True,0.9899631723993224,285.65034608806883,11,,50000,pressure-tail-back-20260920-164229-continuous.csv,1.1115574869435676,alternating,"provisional: tail-first alternating order, no independent event timestamps",-0.00029064453925842004,56.188925094800915,55.07736760785735,1214542.0,126.63239214265332,2193,55.204,-2134.0,143.40425077349295,56.47385928526601,341370.80060557177,136.27147112149825,97.59905425161008,122.30076329904449,90.6238995239832,503.63091865153547,11.889485913205732,1.5422578872131552,0.000539706359645793,1.7580614321684083,55.053,2505079.0,2237,2.0625709115040896,56.312,194.5582516784654,1
120.69203723357232,280974.28642407537,0.956750349815892,154.58213556007473,3.062758377316697,3961255.5,1600.5364069586174,True,0.9898037310952591,243.00274542232358,12,,50000,pressure-tail-back-20260920-164229-continuous.csv,1.0061310915121027,alternating,"provisional: tail-first alternating order, no independent event timestamps",-0.021696570410766725,60.94959072210713,59.94345963059503,1817637.5,93.54036940496968,2385,60.037,-16191.5,171.38949834097872,61.335698479625115,268822.24682550476,188.76038075147852,175.51653269513423,180.11633474265665,79.34114137832182,1135.6427083429637,15.201072821176705,1.8343638142369318,0.0023399248315534187,2.254979200723383,59.911,1424145.5,2429,0.7835145896802855,61.145,121.55610141990536,2
92.14215035156283,306790.53232752834,1.139322939537682,197.89024449521972,2.4425040296974356,3954679.5,2070.5289034447214,True,0.9900677886060711,207.42796967071797,13,,50000,pressure-tail-back-20260920-164229-continuous.csv,1.01194677823743,alternating,"provisional: tail-first alternating order, no independent event timestamps",0.00995254809290937,67.58311469252651,66.57116791428908,1550306.5,111.83208571092962,2649,66.683,1253.5,132.42337163924844,67.87179201224046,349533.49111372983,136.44956002209133,114.52043335643225,121.29918722754951,84.92431011318047,748.7490261163551,11.204806672349708,1.568972467550052,0.0009629789619054592,1.7821017931365741,66.557,2561631.5,2690,1.6523387472090196,67.715,186.840700457239,1
71.66822906068519,414670.79132783425,0.8641602302283732,180.98537320784112,2.0812781279950703,3957891.0,9572.14667616413,True,0.9628692477520745,167.41396062323588,14,,50000,pressure-tail-back-20260920-164229-continuous.csv,0.8452656247787331,alternating,"provisional: tail-first alternating order, no independent event timestamps",-0.009460610758455017,72.41877674008964,71.57351111531091,2291184.0,119.48888468909047,2848,71.693,-13764.0,163.07540861721748,73.02463426786016,358342.00650284294,266.06979856863575,392.2908195369672,213.78519372936466,80.43805312291852,239.35947468349408,14.207833155264309,1.5966741762246515,0.0005990415554533689,1.8119433680519792,71.491,1346797.0,2893,0.5878170413201209,72.826,178.62662603131696,2
100.7711035541885,354703.0767133866,1.0579999678791288,169.76365472247642,2.5622766021252823,3947815.5,4837.551931245803,True,0.9941953715930963,216.83528090825632,15,,50000,pressure-tail-back-20260920-164229-continuous.csv,1.0432896747192046,alternating,"provisional: tail-first alternating order, no independent event timestamps",0.004536244608782405,78.92825952211861,77.8849698473994,2089393.5,102.0301526005909,3098,77.987,9595.0,139.345050666833,79.23802061948017,375275.8437693911,146.9271605739224,124.48791034270812,127.79422115572459,84.62602387595552,431.9113323630871,12.018817164666247,1.641513096599142,0.0011787821935849549,1.9221237867525367,77.861,2554162.5,3141,1.2224420627325585,79.069,153.14919580067965,1
116.28895129106563,364731.05134875677,0.8853945195475059,197.01597862272695,3.35678266859939,3956802.5,2518.806465372042,True,0.9782563864195297,256.9053740731704,16,,50000,pressure-tail-back-20260920-164229-continuous.csv,0.9366735631020902,alternating,"provisional: tail-first alternating order, no independent event timestamps",-0.01937933096433731,83.4829044617885,82.5462308986864,1851276.5,97.76910131360239,3283,82.644,-16063.0,156.37487171015607,84.14544725510548,322930.8739729892,319.49960793358645,462.39900444972193,152.58544516724726,76.53321630749588,734.9816373154957,13.267429257600568,1.5472011410923225,0.000640060093197019,1.8023847700753766,82.468,1010739.5,3336,0.5459689570952799,83.979,188.50425645381108,2
