classes,family,model,split,correct,n,accuracy,balanced_accuracy,macro_f1
7,amplitude,centroid,loo,25,43,0.5813953488372093,0.6173469387755102,0.6167451596023025
7,amplitude,centroid,chronological,14,22,0.6363636363636364,0.719047619047619,0.6989795918367347
7,amplitude,centroid,reverse_chronological,11,22,0.5,0.569047619047619,0.5876623376623377
7,amplitude,centroid,balanced_first_five,24,35,0.6857142857142857,0.6857142857142857,0.6808080808080809
7,amplitude,1nn,loo,24,43,0.5581395348837209,0.5969387755102041,0.586080586080586
7,amplitude,1nn,chronological,15,22,0.6818181818181818,0.7595238095238095,0.7309833024118737
7,amplitude,1nn,reverse_chronological,12,22,0.5454545454545454,0.6357142857142858,0.6082766439909297
7,amplitude,1nn,balanced_first_five,21,35,0.6,0.6,0.6
7,press_shape,centroid,loo,19,43,0.4418604651162791,0.4666666666666667,0.45147597500538683
7,press_shape,centroid,chronological,12,22,0.5454545454545454,0.5571428571428572,0.5428571428571428
7,press_shape,centroid,reverse_chronological,8,22,0.36363636363636365,0.4333333333333334,0.41428571428571426
7,press_shape,centroid,balanced_first_five,17,35,0.4857142857142857,0.4857142857142857,0.4673881673881674
7,press_shape,1nn,loo,17,43,0.3953488372093023,0.42414965986394554,0.4196279910565624
7,press_shape,1nn,chronological,9,22,0.4090909090909091,0.4238095238095238,0.40253793825222395
7,press_shape,1nn,reverse_chronological,8,22,0.36363636363636365,0.42142857142857143,0.4074829931972789
7,press_shape,1nn,balanced_first_five,17,35,0.4857142857142857,0.4857142857142857,0.4946196660482374
7,release_shape,centroid,loo,25,43,0.5813953488372093,0.600170068027211,0.6006338899196041
7,release_shape,centroid,chronological,11,22,0.5,0.5880952380952381,0.5685941043083901
7,release_shape,centroid,reverse_chronological,11,22,0.5,0.5023809523809525,0.46190476190476193
7,release_shape,centroid,balanced_first_five,19,35,0.5428571428571428,0.5428571428571429,0.5342712842712843
7,release_shape,1nn,loo,20,43,0.46511627906976744,0.4836734693877551,0.4957983193277311
7,release_shape,1nn,chronological,11,22,0.5,0.55,0.5255411255411256
7,release_shape,1nn,reverse_chronological,8,22,0.36363636363636365,0.37857142857142856,0.3724489795918367
7,release_shape,1nn,balanced_first_five,14,35,0.4,0.4,0.39935064935064934
7,shape_ratios,centroid,loo,34,43,0.7906976744186046,0.8022108843537413,0.8041165184022326
7,shape_ratios,centroid,chronological,18,22,0.8181818181818182,0.8476190476190475,0.8462585034013604
7,shape_ratios,centroid,reverse_chronological,16,22,0.7272727272727273,0.7404761904761904,0.7397959183673468
7,shape_ratios,centroid,balanced_first_five,24,35,0.6857142857142857,0.6857142857142857,0.6910866910866912
7,shape_ratios,1nn,loo,30,43,0.6976744186046512,0.7081632653061224,0.7108213914936602
7,shape_ratios,1nn,chronological,14,22,0.6363636363636364,0.6571428571428571,0.6555555555555556
7,shape_ratios,1nn,reverse_chronological,15,22,0.6818181818181818,0.7119047619047619,0.7256235827664399
7,shape_ratios,1nn,balanced_first_five,23,35,0.6571428571428571,0.6571428571428573,0.6636696636696636
7,full_features,centroid,loo,34,43,0.7906976744186046,0.8022108843537413,0.8041165184022326
7,full_features,centroid,chronological,18,22,0.8181818181818182,0.8476190476190475,0.8462585034013604
7,full_features,centroid,reverse_chronological,16,22,0.7272727272727273,0.7404761904761904,0.7397959183673468
7,full_features,centroid,balanced_first_five,24,35,0.6857142857142857,0.6857142857142857,0.6942612942612942
7,full_features,1nn,loo,33,43,0.7674418604651163,0.7784013605442176,0.7858476724022941
7,full_features,1nn,chronological,13,22,0.5909090909090909,0.6214285714285713,0.6302197802197801
7,full_features,1nn,reverse_chronological,15,22,0.6818181818181818,0.7119047619047619,0.7256235827664399
7,full_features,1nn,balanced_first_five,24,35,0.6857142857142857,0.6857142857142857,0.6984126984126984
7,spectral_shape,centroid,loo,15,43,0.3488372093023256,0.3799319727891156,0.34686147186147187
7,spectral_shape,centroid,chronological,4,22,0.18181818181818182,0.21904761904761902,0.16883116883116883
7,spectral_shape,centroid,reverse_chronological,7,22,0.3181818181818182,0.3738095238095238,0.3582766439909297
7,spectral_shape,centroid,balanced_first_five,11,35,0.3142857142857143,0.31428571428571433,0.2835497835497836
7,spectral_shape,1nn,loo,8,43,0.18604651162790697,0.21428571428571427,0.21645021645021645
7,spectral_shape,1nn,chronological,4,22,0.18181818181818182,0.23809523809523808,0.16623376623376623
7,spectral_shape,1nn,reverse_chronological,6,22,0.2727272727272727,0.2833333333333333,0.25396825396825395
7,spectral_shape,1nn,balanced_first_five,7,35,0.2,0.19999999999999998,0.21031746031746032
7,relative_integrals,centroid,loo,27,43,0.627906976744186,0.6593537414965986,0.6547182975754404
7,relative_integrals,centroid,chronological,14,22,0.6363636363636364,0.6952380952380953,0.6918367346938775
7,relative_integrals,centroid,reverse_chronological,13,22,0.5909090909090909,0.6166666666666666,0.6129251700680272
7,relative_integrals,centroid,balanced_first_five,21,35,0.6,0.6,0.6075036075036075
7,relative_integrals,1nn,loo,28,43,0.6511627906976745,0.6605442176870749,0.6786935286935287
7,relative_integrals,1nn,chronological,12,22,0.5454545454545454,0.6,0.6045454545454545
7,relative_integrals,1nn,reverse_chronological,14,22,0.6363636363636364,0.6642857142857144,0.6829931972789115
7,relative_integrals,1nn,balanced_first_five,19,35,0.5428571428571428,0.5428571428571429,0.5426406926406926
7,compact_time_ratios,centroid,loo,32,43,0.7441860465116279,0.7605442176870748,0.7644359608645324
7,compact_time_ratios,centroid,chronological,17,22,0.7727272727272727,0.7999999999999999,0.7999999999999999
7,compact_time_ratios,centroid,reverse_chronological,15,22,0.6818181818181818,0.7119047619047619,0.6945578231292516
7,compact_time_ratios,centroid,balanced_first_five,26,35,0.7428571428571429,0.7428571428571429,0.7503219003219004
7,compact_time_ratios,1nn,loo,28,43,0.6511627906976745,0.6664965986394558,0.6791208791208792
7,compact_time_ratios,1nn,chronological,12,22,0.5454545454545454,0.6,0.5937744794887652
7,compact_time_ratios,1nn,reverse_chronological,14,22,0.6363636363636364,0.6833333333333333,0.6842403628117913
7,compact_time_ratios,1nn,balanced_first_five,23,35,0.6571428571428571,0.6571428571428573,0.6487417344560201
7,original_press_features,centroid,loo,22,43,0.5116279069767442,0.5312925170068027,0.5266888573611263
7,original_press_features,centroid,chronological,10,22,0.45454545454545453,0.5214285714285715,0.5122655122655123
7,original_press_features,centroid,reverse_chronological,8,22,0.36363636363636365,0.4333333333333334,0.4257369614512471
7,original_press_features,centroid,balanced_first_five,17,35,0.4857142857142857,0.4857142857142857,0.4694805194805195
7,original_press_features,1nn,loo,18,43,0.4186046511627907,0.4488095238095238,0.44443056943056947
7,original_press_features,1nn,chronological,10,22,0.45454545454545453,0.5142857142857143,0.48412698412698413
7,original_press_features,1nn,reverse_chronological,10,22,0.45454545454545453,0.5166666666666667,0.5136054421768707
7,original_press_features,1nn,balanced_first_five,18,35,0.5142857142857142,0.5142857142857143,0.5188311688311689
7,baseline_control,centroid,loo,23,43,0.5348837209302325,0.5527210884353742,0.5406498263641121
7,baseline_control,centroid,chronological,8,22,0.36363636363636365,0.39285714285714285,0.3568336425479282
7,baseline_control,centroid,reverse_chronological,13,22,0.5909090909090909,0.6238095238095239,0.5510204081632654
7,baseline_control,centroid,balanced_first_five,18,35,0.5142857142857142,0.5142857142857143,0.5058441558441559
7,baseline_control,1nn,loo,19,43,0.4418604651162791,0.4324829931972789,0.4232461982461983
7,baseline_control,1nn,chronological,9,22,0.4090909090909091,0.42142857142857143,0.39319727891156464
7,baseline_control,1nn,reverse_chronological,11,22,0.5,0.4785714285714286,0.4915275200989487
7,baseline_control,1nn,balanced_first_five,16,35,0.45714285714285713,0.4571428571428572,0.4468142968142968
7,prefix_0.4,centroid,loo,20,43,0.46511627906976744,0.4921768707482993,0.488718820861678
7,prefix_0.4,centroid,chronological,10,22,0.45454545454545453,0.511904761904762,0.4860853432282003
7,prefix_0.4,centroid,reverse_chronological,8,22,0.36363636363636365,0.4404761904761905,0.4249433106575964
7,prefix_0.4,centroid,balanced_first_five,16,35,0.45714285714285713,0.4571428571428572,0.45827664399092966
7,prefix_0.4,1nn,loo,19,43,0.4418604651162791,0.4845238095238096,0.4795351473922902
7,prefix_0.4,1nn,chronological,8,22,0.36363636363636365,0.4404761904761904,0.4213358070500928
7,prefix_0.4,1nn,reverse_chronological,8,22,0.36363636363636365,0.45238095238095244,0.4031746031746032
7,prefix_0.4,1nn,balanced_first_five,19,35,0.5428571428571428,0.5428571428571429,0.5377265591551306
7,prefix_0.8,centroid,loo,29,43,0.6744186046511628,0.6840136054421768,0.6853733568019281
7,prefix_0.8,centroid,chronological,13,22,0.5909090909090909,0.5904761904761904,0.6034013605442176
7,prefix_0.8,centroid,reverse_chronological,11,22,0.5,0.5214285714285715,0.5061224489795919
7,prefix_0.8,centroid,balanced_first_five,24,35,0.6857142857142857,0.6857142857142857,0.6790764790764792
7,prefix_0.8,1nn,loo,24,43,0.5581395348837209,0.5777210884353742,0.5948051948051949
7,prefix_0.8,1nn,chronological,12,22,0.5454545454545454,0.530952380952381,0.5443722943722944
7,prefix_0.8,1nn,reverse_chronological,12,22,0.5454545454545454,0.55,0.5534013605442177
7,prefix_0.8,1nn,balanced_first_five,18,35,0.5142857142857142,0.5142857142857143,0.5257575757575758
7,prefix_1.6,centroid,loo,22,43,0.5116279069767442,0.5078231292517007,0.4884596262747523
7,prefix_1.6,centroid,chronological,11,22,0.5,0.5071428571428571,0.4761904761904762
7,prefix_1.6,centroid,reverse_chronological,9,22,0.4090909090909091,0.3761904761904762,0.42222222222222217
7,prefix_1.6,centroid,balanced_first_five,19,35,0.5428571428571428,0.5428571428571429,0.5232735518449804
7,prefix_1.6,1nn,loo,23,43,0.5348837209302325,0.5384353741496598,0.5438561438561438
7,prefix_1.6,1nn,chronological,12,22,0.5454545454545454,0.5666666666666667,0.5367759224902082
7,prefix_1.6,1nn,reverse_chronological,9,22,0.4090909090909091,0.3523809523809524,0.3777777777777778
7,prefix_1.6,1nn,balanced_first_five,19,35,0.5428571428571428,0.5428571428571428,0.5411659768802626
7,press_peak_normalized,centroid,loo,21,43,0.4883720930232558,0.5083333333333334,0.478364492650207
7,press_peak_normalized,centroid,chronological,11,22,0.5,0.530952380952381,0.47849927849927854
7,press_peak_normalized,centroid,reverse_chronological,11,22,0.5,0.55,0.49319727891156456
7,press_peak_normalized,centroid,balanced_first_five,17,35,0.4857142857142857,0.48571428571428577,0.45703185703185706
7,press_peak_normalized,1nn,loo,21,43,0.4883720930232558,0.48860544217687074,0.4771767448238036
7,press_peak_normalized,1nn,chronological,10,22,0.45454545454545453,0.45952380952380956,0.4308802308802309
7,press_peak_normalized,1nn,reverse_chronological,9,22,0.4090909090909091,0.4309523809523809,0.42857142857142855
7,press_peak_normalized,1nn,balanced_first_five,16,35,0.45714285714285713,0.4571428571428572,0.4387445887445887
7,separate_peaks_normalized,centroid,loo,25,43,0.5813953488372093,0.6083333333333333,0.5844871281846071
7,separate_peaks_normalized,centroid,chronological,13,22,0.5909090909090909,0.6261904761904763,0.6404040404040404
7,separate_peaks_normalized,centroid,reverse_chronological,11,22,0.5,0.5071428571428571,0.47256235827664395
7,separate_peaks_normalized,centroid,balanced_first_five,19,35,0.5428571428571428,0.5428571428571429,0.5205239205239206
7,separate_peaks_normalized,1nn,loo,25,43,0.5813953488372093,0.5874149659863946,0.5933399933399934
7,separate_peaks_normalized,1nn,chronological,11,22,0.5,0.530952380952381,0.48246753246753243
7,separate_peaks_normalized,1nn,reverse_chronological,9,22,0.4090909090909091,0.4309523809523809,0.44444444444444436
7,separate_peaks_normalized,1nn,balanced_first_five,18,35,0.5142857142857142,0.5142857142857143,0.5008348794063079
4,amplitude,centroid,loo,35,43,0.813953488372093,0.9230769230769231,0.8636363636363636
4,amplitude,centroid,chronological,16,22,0.7272727272727273,0.8928571428571428,0.8246753246753247
4,amplitude,centroid,reverse_chronological,19,22,0.8636363636363636,0.9464285714285714,0.9018181818181819
4,amplitude,centroid,balanced_first_five,30,35,0.8571428571428571,0.8999999999999999,0.8700623700623701
4,amplitude,1nn,loo,34,43,0.7906976744186046,0.809065934065934,0.8058823529411764
4,amplitude,1nn,chronological,18,22,0.8181818181818182,0.7946428571428572,0.8
4,amplitude,1nn,reverse_chronological,15,22,0.6818181818181818,0.7410714285714286,0.7407407407407407
4,amplitude,1nn,balanced_first_five,29,35,0.8285714285714286,0.8125,0.8125
4,press_shape,centroid,loo,26,43,0.6046511627906976,0.7700549450549451,0.6607226107226106
4,press_shape,centroid,chronological,15,22,0.6818181818181818,0.875,0.7371794871794871
4,press_shape,centroid,reverse_chronological,11,22,0.5,0.6517857142857143,0.5654761904761905
4,press_shape,centroid,balanced_first_five,21,35,0.6,0.75,0.6511904761904762
4,press_shape,1nn,loo,28,43,0.6511627906976745,0.6445054945054944,0.6342627960275019
4,press_shape,1nn,chronological,17,22,0.7727272727272727,0.625,0.6287878787878788
4,press_shape,1nn,reverse_chronological,13,22,0.5909090909090909,0.5982142857142857,0.5791666666666666
4,press_shape,1nn,balanced_first_five,23,35,0.6571428571428571,0.6625,0.6483253588516746
4,release_shape,centroid,loo,31,43,0.7209302325581395,0.7920329670329671,0.7760524499654935
4,release_shape,centroid,chronological,14,22,0.6363636363636364,0.7678571428571428,0.75
4,release_shape,centroid,reverse_chronological,15,22,0.6818181818181818,0.5714285714285714,0.5507662835249042
4,release_shape,centroid,balanced_first_five,24,35,0.6857142857142857,0.75,0.7374007936507936
4,release_shape,1nn,loo,32,43,0.7441860465116279,0.682967032967033,0.7000000000000001
4,release_shape,1nn,chronological,17,22,0.7727272727272727,0.7767857142857143,0.7402298850574713
4,release_shape,1nn,reverse_chronological,14,22,0.6363636363636364,0.5089285714285714,0.49583333333333335
4,release_shape,1nn,balanced_first_five,26,35,0.7428571428571429,0.625,0.6375
4,shape_ratios,centroid,loo,40,43,0.9302325581395349,0.9046703296703297,0.9166182873730044
4,shape_ratios,centroid,chronological,22,22,1.0,1.0,1.0
4,shape_ratios,centroid,reverse_chronological,19,22,0.8636363636363636,0.7946428571428572,0.7946428571428572
4,shape_ratios,centroid,balanced_first_five,31,35,0.8857142857142857,0.875,0.8625874125874127
4,shape_ratios,1nn,loo,38,43,0.8837209302325582,0.845054945054945,0.8573674752920036
4,shape_ratios,1nn,chronological,21,22,0.9545454545454546,0.9821428571428572,0.9629629629629629
4,shape_ratios,1nn,reverse_chronological,20,22,0.9090909090909091,0.8125,0.8642857142857142
4,shape_ratios,1nn,balanced_first_five,31,35,0.8857142857142857,0.8374999999999999,0.865079365079365
4,full_features,centroid,loo,40,43,0.9302325581395349,0.9046703296703297,0.9166182873730044
4,full_features,centroid,chronological,22,22,1.0,1.0,1.0
4,full_features,centroid,reverse_chronological,20,22,0.9090909090909091,0.8125,0.8642857142857142
4,full_features,centroid,balanced_first_five,31,35,0.8857142857142857,0.875,0.875
4,full_features,1nn,loo,40,43,0.9302325581395349,0.9046703296703297,0.92235699311171
4,full_features,1nn,chronological,20,22,0.9090909090909091,0.9196428571428572,0.9196428571428572
4,full_features,1nn,reverse_chronological,20,22,0.9090909090909091,0.8125,0.8642857142857142
4,full_features,1nn,balanced_first_five,33,35,0.9428571428571428,0.8999999999999999,0.9325396825396824
4,spectral_shape,centroid,loo,20,43,0.46511627906976744,0.6458791208791209,0.5090811965811965
4,spectral_shape,centroid,chronological,12,22,0.5454545454545454,0.7321428571428571,0.5792207792207792
4,spectral_shape,centroid,reverse_chronological,10,22,0.45454545454545453,0.5892857142857143,0.4452380952380952
4,spectral_shape,centroid,balanced_first_five,17,35,0.4857142857142857,0.625,0.5203548986510447
4,spectral_shape,1nn,loo,15,43,0.3488372093023256,0.34615384615384615,0.3541666666666667
4,spectral_shape,1nn,chronological,10,22,0.45454545454545453,0.39285714285714285,0.34285714285714286
4,spectral_shape,1nn,reverse_chronological,9,22,0.4090909090909091,0.41964285714285715,0.375
4,spectral_shape,1nn,balanced_first_five,13,35,0.37142857142857144,0.38749999999999996,0.4027777777777778
4,relative_integrals,centroid,loo,40,43,0.9302325581395349,0.9046703296703297,0.9046703296703297
4,relative_integrals,centroid,chronological,22,22,1.0,1.0,1.0
4,relative_integrals,centroid,reverse_chronological,19,22,0.8636363636363636,0.7946428571428572,0.7946428571428572
4,relative_integrals,centroid,balanced_first_five,33,35,0.9428571428571428,0.9375,0.9369949494949495
4,relative_integrals,1nn,loo,40,43,0.9302325581395349,0.8642857142857143,0.9046328671328672
4,relative_integrals,1nn,chronological,22,22,1.0,1.0,1.0
4,relative_integrals,1nn,reverse_chronological,20,22,0.9090909090909091,0.8125,0.8642857142857142
4,relative_integrals,1nn,balanced_first_five,32,35,0.9142857142857143,0.8500000000000001,0.8755952380952381
4,compact_time_ratios,centroid,loo,40,43,0.9302325581395349,0.9307692307692308,0.903888888888889
4,compact_time_ratios,centroid,chronological,21,22,0.9545454545454546,0.9821428571428572,0.9629629629629629
4,compact_time_ratios,centroid,reverse_chronological,20,22,0.9090909090909091,0.8571428571428572,0.8240740740740741
4,compact_time_ratios,centroid,balanced_first_five,33,35,0.9428571428571428,0.9375,0.9241452991452992
4,compact_time_ratios,1nn,loo,39,43,0.9069767441860465,0.8546703296703297,0.878917378917379
4,compact_time_ratios,1nn,chronological,21,22,0.9545454545454546,0.9821428571428572,0.9629629629629629
4,compact_time_ratios,1nn,reverse_chronological,20,22,0.9090909090909091,0.8125,0.8642857142857142
4,compact_time_ratios,1nn,balanced_first_five,30,35,0.8571428571428571,0.825,0.8361788617886179
4,original_press_features,centroid,loo,32,43,0.7441860465116279,0.7873626373626373,0.7386904761904762
4,original_press_features,centroid,chronological,17,22,0.7727272727272727,0.9107142857142857,0.8494983277591973
4,original_press_features,centroid,reverse_chronological,15,22,0.6818181818181818,0.7232142857142857,0.7216666666666667
4,original_press_features,centroid,balanced_first_five,26,35,0.7428571428571429,0.7749999999999999,0.7291666666666667
4,original_press_features,1nn,loo,29,43,0.6744186046511628,0.601923076923077,0.6056818181818182
4,original_press_features,1nn,chronological,17,22,0.7727272727272727,0.7321428571428572,0.7096774193548387
4,original_press_features,1nn,reverse_chronological,15,22,0.6818181818181818,0.6339285714285714,0.6688218390804597
4,original_press_features,1nn,balanced_first_five,24,35,0.6857142857142857,0.6375000000000001,0.6477272727272727
