zone_id,zone_name,feature,n,min,q25,median,q75,max,mean,sd
1,しっぽ,peak_counts,5,2267620.0,2450582.5,2635600.0,2669356.0,2791129.5,2562857.6,183582.33293195727
1,しっぽ,trough_counts,5,3320213.5,3367674.5,3480923.0,3597462.0,3645272.0,3482309.0,125884.94229613007
1,しっぽ,rise_ms,5,74.32102233646987,80.30338969704998,82.36452239691161,83.4199774806379,86.96029948244899,81.47384227870367,4.1764759862263015
1,しっぽ,decay_ms,5,171.50623713984814,189.56460055325763,196.256318050132,199.5397715512155,220.26901559966473,195.4271885788236,15.756262375460265
1,しっぽ,width_ms,5,144.19915562650587,153.26212824499663,154.22219647170544,155.6750106159086,170.3382251926482,155.53934323035296,8.420757110108866
1,しっぽ,area_width_ms,5,157.57763483844056,165.20754868765377,165.96979087376,166.93318494415863,184.3095481589261,167.9995415005878,8.805506043942865
1,しっぽ,slope_norm_s,5,12.66590879904746,12.734772786428207,13.236281577950237,13.365770620329208,13.56565914924022,13.113678586599065,0.35410046710248727
1,しっぽ,asymmetry,5,1.9722360451905168,2.3015322014465496,2.3919902351631475,2.6406568677383166,2.7429603710459127,2.4098751441168886,0.27121652473987473
1,しっぽ,release_rise_ms,5,70.9501392733074,75.40951534324947,76.67061008061182,80.47426808340319,117.06460489911841,84.11382753593807,16.753801642356844
1,しっぽ,recovery_ms,5,127.88505978281428,140.46624591683798,140.6869433973874,142.37266113217828,145.2174006699849,139.32566217984058,5.967213521786994
1,しっぽ,release_width_ms,5,109.682561028972,119.94817508519873,128.68242055861145,129.51736182492368,132.84252689981813,124.1346090795048,8.388949535868354
1,しっぽ,release_area_width_ms,5,126.73216886459707,131.97143347962984,139.83792410070808,140.38002110222448,145.20757011130428,136.82582353169272,6.594023252146074
1,しっぽ,trough_peak_ratio,5,1.1895591014318756,1.320732660494764,1.3655997926091537,1.3742342891945079,1.5864483467247599,1.3673148380910123,0.12793538679783323
1,しっぽ,area_ratio,5,1.0367346886498012,1.0961770482201165,1.1127839142490148,1.135946914036834,1.1677132192140705,1.1098711568739674,0.04375066865552339
1,しっぽ,peak_from_wave_onset_ms,5,91.3158374469436,94.03460241885631,96.77083327499858,116.13905280447767,119.38100168093158,103.52826552524157,11.792176463959734
1,しっぽ,apparent_decay_tau_ms,5,73.79929255458255,81.5457403560778,85.59197250638186,87.89906603031329,97.93026049583703,85.35326638863852,7.9083553668937165
1,しっぽ,decay_log_r2,5,0.9889098453348811,0.9926977324289188,0.9963787970761574,0.9964971827313059,0.9971411687302739,0.9943249452603075,0.0031253533030893657
1,しっぽ,middle_fraction,5,0.009013635441564282,0.010211457404609854,0.011354647313444865,0.011717635453027774,0.015884542938446575,0.011636383710218669,0.0023255991713319857
1,しっぽ,hold_proxy_s,5,0.8898815442867782,0.9354023248937686,1.1187934773741688,1.1246094057153542,1.3169315125537455,1.077123652964763,0.15273743653317928
1,しっぽ,spectral_centroid_hz,5,1.6352372305431353,1.6762207113720964,1.7318518816595103,1.738011611140549,1.7540532660321926,1.707074940149497,0.04447601038824434
1,しっぽ,spectral_high_fraction,5,0.0003614966094938141,0.0005710516669137564,0.0005919188851107663,0.0006266980756291619,0.0017018353182763212,0.000770600111084764,0.00047476711007018687
1,しっぽ,baseline_counts,5,3936241.0,3938282.0,3939553.0,3940937.5,3942042.5,3939411.2,2029.7142311172774
1,しっぽ,baseline_sd,5,1325.281219213492,3526.7189284092374,4321.29730520824,4581.623230635622,5736.46783722353,3898.277704138024,1468.551428592262
1,しっぽ,signal_noise_ratio,5,427.1936267293865,575.2546351643924,642.9829101869576,645.9008262717757,2014.1808103069395,861.1025617318903,581.9730951977034
1,しっぽ,post_event_shift_counts,5,-11296.5,-9015.0,-6818.5,-5998.5,-4810.5,-7587.8,2307.4855492505258
2,背中,peak_counts,5,1337563.0,1397172.5,2060989.5,2205636.5,2453194.0,1890911.1,445895.2173073176
2,背中,trough_counts,5,1508375.0,1697006.5,1834625.5,1998067.0,2030010.5,1813616.9,193938.13121132212
2,背中,rise_ms,5,80.54340422501127,101.84119744388553,114.41933742544919,133.71578795592143,153.96743135895807,116.89743168184509,25.34359262901388
2,背中,decay_ms,5,164.41147318446258,290.49055852739514,307.1269786104818,359.73294762602495,375.18676711629337,299.38974501293154,74.49118717135583
2,背中,width_ms,5,196.75590958408762,214.8097072544921,232.59409838282608,238.32838145365542,272.74041756119163,231.04570284725054,25.42943824159015
2,背中,area_width_ms,5,220.60942039149774,237.5695098538614,268.0854931308921,274.895150813845,276.2094924937883,255.4738133367769,22.370968621770277
2,背中,slope_norm_s,5,6.703309720166885,8.915952020101649,9.966012031524814,10.866740734477945,13.616465168369448,10.013695934928148,2.274801262859415
2,背中,asymmetry,5,1.067832799010301,2.8058524191621363,2.8523874995426612,3.143987333962773,3.81318596557543,2.73664920345066,0.9086240567750256
2,背中,release_rise_ms,5,187.59139214628905,286.88195077743114,289.5166942836589,291.5421704837797,311.6623322315988,273.4389079845515,43.81270332151945
2,背中,recovery_ms,5,168.00920218257966,170.68699154498825,175.1696485321581,177.28539179788427,178.78294458043698,173.98683572760945,4.047301640247887
2,背中,release_width_ms,5,201.4254101459656,207.02902707205695,295.0001150458768,313.9712757457893,328.44636417852155,269.17443843764204,54.10890199289252
2,背中,release_area_width_ms,5,214.91975852216714,228.8136056550376,283.1860452598193,298.19833627297453,320.06027917428884,269.0356049768575,40.49827477993923
2,背中,trough_peak_ratio,5,0.8144757406059203,0.8317895990567802,0.9849688705352453,1.127703891330726,1.2146005593439608,0.9947077321745266,0.15821603464899175
2,背中,area_ratio,5,0.8835198076951739,0.9737254182106759,1.0677295948066345,1.0861410357134098,1.1413416998642227,1.0304915112580235,0.09120787216083946
2,背中,peak_from_wave_onset_ms,5,97.08323644790973,139.86687905497064,161.31950011003227,177.8904842507245,209.2081649748696,157.07365296770135,37.58802513447436
2,背中,apparent_decay_tau_ms,5,91.87714908391563,131.12575775266973,137.71802467213095,167.167005822047,179.30700337874342,141.43898814190135,30.569598141755165
2,背中,decay_log_r2,5,0.9431139571628512,0.98304237328898,0.9890065469307758,0.9926632708186187,0.9950920489051923,0.9805836394212836,0.019169659736895488
2,背中,middle_fraction,5,-0.04848454708433169,-0.017092377641271927,-0.006172793356275555,-0.0029216056226853337,0.01797316289093176,-0.01133963216272655,0.02176987888350631
2,背中,hold_proxy_s,5,0.9280503888358993,1.0503004085135323,1.0760086498377053,1.3185382560865584,1.364994548798311,1.1475784504144013,0.16689807584451863
2,背中,spectral_centroid_hz,5,1.317492570826626,1.3662548644511179,1.3964195804215411,1.458082729170485,1.5037995624111993,1.4084098614561937,0.06595961367754671
2,背中,spectral_high_fraction,5,7.313995746296862e-05,0.00010310570621083852,0.00016591764433753793,0.0003372936084639022,0.001964665761410948,0.0005288245355772391,0.000723727917101736
2,背中,baseline_counts,5,3940809.5,3942744.0,3944075.5,3945761.5,3949261.0,3944530.3,2868.359785661485
2,背中,baseline_sd,5,900.9633885458388,1037.8263956462083,1299.4861397875702,1354.2518451159667,4014.298014285935,1721.3651566763037,1158.4972573902644
2,背中,signal_noise_ratio,5,333.1997263880086,1031.6932592994606,1586.0034492841257,2125.24610016943,2722.8564791733347,1559.7998028628722,831.4518924744162
2,背中,post_event_shift_counts,5,-15809.0,-11151.5,-10725.5,-8364.0,-3434.0,-9896.8,4033.1720593101404
3,右後ろ足,peak_counts,6,357069.5,390634.25,429653.75,476547.5,486814.5,428833.0,49148.27921707941
3,右後ろ足,trough_counts,6,592655.5,620483.125,663498.25,692825.125,734596.5,660499.0,49071.19087101922
3,右後ろ足,rise_ms,6,125.60875041613428,144.38156762260547,149.17366381682638,154.58460820535424,176.04936633117418,149.86298382339277,15.128076513324853
3,右後ろ足,decay_ms,6,238.47080789582265,284.4663018934011,285.28675662130615,295.49116200542255,340.9834180649334,288.8521977757104,30.0097409637988
3,右後ろ足,width_ms,6,177.83501466393227,208.52673765515027,229.01668570991808,274.6786518894539,314.994525694523,240.4098290051919,47.15305434026299
3,右後ろ足,area_width_ms,6,224.2568271938157,241.33500304415657,260.1833826137208,279.14852688690894,302.87536283088065,261.3369011251796,26.771310737313122
3,右後ろ足,slope_norm_s,6,6.049515944885312,6.989797175232416,7.716258220824719,8.069565033436989,8.897418097485849,7.552404658060554,0.919790816918833
3,右後ろ足,asymmetry,6,1.3545678287033691,1.8685220309261732,1.9519846170770871,1.975785377700861,2.71464700456995,1.9662673668131356,0.3978495251021603
3,右後ろ足,release_rise_ms,6,92.91615212976012,225.5458795873031,232.6956679027461,253.2649831259324,259.0901330776028,216.7802765603342,57.00194955146212
3,右後ろ足,recovery_ms,6,172.42845178035893,177.12974064336117,178.01059901697334,178.40510378028586,179.22462890503877,177.17450087881525,2.2362485528152627
3,右後ろ足,release_width_ms,6,153.5522778331604,161.27639482758926,169.4306475917262,176.5214917658886,184.2655871860943,169.0204295443656,10.488486478647978
3,右後ろ足,release_area_width_ms,6,171.12968553596178,197.94203365072497,209.20520168685806,211.8025178452083,214.30696409897274,201.78383120199828,15.101154320876129
3,右後ろ足,trough_peak_ratio,6,1.2527066010520957,1.503335167505698,1.5499042242964935,1.642537730057338,1.8239102894946746,1.5562755088376907,0.1736520794496196
3,右後ろ足,area_ratio,6,1.109372891003462,1.177009678403786,1.2067836946381574,1.2305401793732675,1.2570901482755854,1.1975957404165547,0.04851248102294301
3,右後ろ足,peak_from_wave_onset_ms,6,142.97503106424438,173.50565542809625,190.31334508010644,204.45113410457338,212.5333738505444,185.5336529553039,23.851364888764614
3,右後ろ足,apparent_decay_tau_ms,6,134.17842026458686,139.16179692932195,146.0069276215204,148.7424877343489,156.45181422531505,144.86308625613725,7.430433607527074
3,右後ろ足,decay_log_r2,6,0.8527600654138174,0.9073399166031546,0.968542687430655,0.99087505722627,0.9980765574105099,0.9455300285285168,0.05487703358864246
3,右後ろ足,middle_fraction,3,-0.07509842574649996,-0.060928266867421504,-0.04675810798834305,0.0056294287030365445,0.05801696539441615,-0.02127985611347562,0.05725255644131629
3,右後ろ足,hold_proxy_s,6,0.7180156679490715,0.7464560717400981,0.785220699924343,0.9866517949298584,1.1141306871028505,0.8649862961962759,0.1572458634076385
3,右後ろ足,spectral_centroid_hz,6,1.1821938216203487,1.3023845260211622,1.3438148749328425,1.408445626278334,1.4482870071678513,1.3394456997385529,0.08797065871472914
3,右後ろ足,spectral_high_fraction,6,0.00022083211060992163,0.00027979775548396085,0.00047714162001553234,0.0007474694251218921,0.0012864927679589477,0.0005855338798995638,0.0003739576145355374
3,右後ろ足,baseline_counts,6,3925690.5,3927612.75,3929513.25,3930534.375,3933698.0,3929378.1666666665,2580.747593022008
3,右後ろ足,baseline_sd,6,703.2705738192094,1026.6683774609237,1335.9282489934074,1453.9367999679203,1558.478360452913,1225.076694916965,304.47159266176527
3,右後ろ足,signal_noise_ratio,6,246.1593370398234,334.90163608781506,349.55219669335975,371.57372615651843,585.3152617555978,373.2518906742798,103.37612353441835
3,右後ろ足,post_event_shift_counts,6,-11798.5,-5011.875,-4306.5,-1428.75,8597.0,-2921.8333333333335,6144.729480529545
4,左後ろ足,peak_counts,6,246297.0,273396.125,312425.0,328589.0,349365.5,302479.3333333333,36940.654878993264
4,左後ろ足,trough_counts,6,600092.0,606873.125,651483.0,727808.5,748895.5,666201.1666666666,63397.93105697974
4,左後ろ足,rise_ms,6,112.6805430954616,120.17058354651056,134.29204259008822,156.89809006023748,200.38716796687515,143.5914443319086,30.198963593370596
4,左後ろ足,decay_ms,6,277.5361348070966,284.1509927044599,303.9318437574168,329.6477572456975,421.96715150318596,320.5240129867302,49.63724407607188
4,左後ろ足,width_ms,6,279.1045178651217,286.4369566744669,293.2699829377094,329.2250734369161,360.604069909904,308.6029897511915,30.544620626547495
4,左後ろ足,area_width_ms,6,281.75751396442604,285.51845256978515,295.5057845259921,349.2067277933224,379.728005075828,316.9655787042867,40.2847263936102
4,左後ろ足,slope_norm_s,6,5.3129351961251166,6.539242704336025,7.866088444545522,8.532993342399513,8.720968005210322,7.436389309396142,1.2741272380791098
4,左後ろ足,asymmetry,6,1.5985877750941146,1.8589464432802156,2.2912266672900565,2.394783192361933,3.7448093513864276,2.345000921731692,0.6973603812072151
4,左後ろ足,release_rise_ms,6,128.19764442927095,166.2059499203914,173.0519834953932,191.03038790647875,240.22237663420577,179.24518602663795,33.908521197023106
4,左後ろ足,recovery_ms,6,149.87283017969943,167.31478033132984,168.39617313038315,169.1622102346724,175.52218588295787,166.4265390540841,7.889220810744956
4,左後ろ足,release_width_ms,6,145.60113762764004,149.92755779266375,154.41269821075878,159.7218212404763,170.229001631661,155.76326259741657,8.107689026317262
4,左後ろ足,release_area_width_ms,6,169.87786743326464,178.406643186043,184.3393018840772,188.21056535159164,192.76082390562385,182.87456198352848,7.633007531505902
4,左後ろ足,trough_peak_ratio,6,1.8310330173308325,2.1365316936623993,2.2466689989511197,2.389400506091526,2.4602126700690627,2.2202301031677703,0.2106592993366352
4,左後ろ足,area_ratio,6,1.1426209421573856,1.1940346174224516,1.2826003864368638,1.3576285262483185,1.4774907465776692,1.2887438437019834,0.11544119923545249
4,左後ろ足,peak_from_wave_onset_ms,6,144.18727104247074,163.29661161456156,182.1239880155954,198.1156299500384,272.79035790731143,190.28210028722933,41.60580206361954
4,左後ろ足,apparent_decay_tau_ms,6,132.19852059746682,138.98143097819752,145.68928253233986,148.40115756249008,223.97217920630905,155.59997687241318,31.10823628490704
4,左後ろ足,decay_log_r2,6,0.9121261513581272,0.9557388470235038,0.9693512476468318,0.9728618096273758,0.9744120094167814,0.9584123388619762,0.022013847586461594
4,左後ろ足,middle_fraction,2,-0.029927110719289683,-0.02642387949282263,-0.02292064826635558,-0.019417417039888526,-0.015914185813421473,-0.02292064826635558,0.007006462452934105
4,左後ろ足,hold_proxy_s,6,0.7624140318335293,0.7704316273501459,0.7905765141655356,0.8608204097620109,0.9373738648904335,0.8214821052934811,0.06558270691492019
4,左後ろ足,spectral_centroid_hz,6,1.1674733742563517,1.2006520117900874,1.2229386216772546,1.2449901270509196,1.297631970288411,1.2260910597615184,0.04131398360371833
4,左後ろ足,spectral_high_fraction,6,0.0001648389842900608,0.0004323433208239583,0.0005698283042995956,0.0011006998595869133,0.0019297669863924572,0.0008164057694938567,0.0006028330765679798
4,左後ろ足,baseline_counts,6,3935053.5,3936548.125,3938415.75,3940960.625,3941891.5,3938585.1666666665,2604.1790719704527
4,左後ろ足,baseline_sd,6,1098.6173071183614,1637.1510647553366,2138.533305619975,2997.8164978095283,3462.5008664258844,2265.408777409561,859.0844581504886
4,左後ろ足,signal_noise_ratio,6,75.49514356362555,117.6102023446886,150.1533234526604,161.6149670967273,287.1532224696804,155.85883720423462,66.11656973497486
4,左後ろ足,post_event_shift_counts,6,-9740.0,-4232.75,-2709.25,-1766.625,5509.0,-2640.4166666666665,4511.245341889778
5,右前足,peak_counts,6,185057.0,199483.625,211686.25,214584.75,281135.0,216755.25,30655.937233198943
5,右前足,trough_counts,6,387416.5,413324.25,444745.0,525811.25,710936.0,490587.75,110944.2180511412
5,右前足,rise_ms,6,155.47487491251212,168.95777429355886,195.72338990323425,228.67585024338854,323.7992906741676,211.7361419178203,56.85438863162583
5,右前足,decay_ms,6,261.01761342993154,320.64801156623804,328.0985881356582,339.71891570043545,432.1122517457958,335.1806476186949,50.53783002518317
5,右前足,width_ms,6,296.177359195994,300.32160621317723,336.3701722650898,369.5684793387275,385.33064552431995,337.1980580793845,37.70573873240635
5,右前足,area_width_ms,6,308.71196738108534,317.0617134293368,353.84775687276317,381.84373749893047,420.52807026960534,355.485163564233,41.523774777933454
5,右前足,slope_norm_s,6,3.6017598175003562,4.779915403328226,5.661891559421017,6.657263310503173,8.13025229722283,5.755128746509957,1.4787911942669765
5,右前足,asymmetry,6,1.3345064803758984,1.3613496484173315,1.510459462857722,1.9689117218526668,2.10002264473701,1.6481372615472007,0.3279459244827702
5,右前足,release_rise_ms,6,124.85415207483186,139.33873003808594,150.43195269184383,174.6068664454823,192.44283569465637,156.07784222278406,23.72000777514465
5,右前足,recovery_ms,6,166.0082269070564,175.5146612545899,179.8316662395365,187.59803883727778,194.0013288058715,180.65589624802226,9.301786479860127
5,右前足,release_width_ms,6,162.62158410579718,179.3135359526623,197.75065580367192,203.08562064655166,222.09965647775576,193.04238729790015,19.580614095406112
5,右前足,release_area_width_ms,6,182.780954360958,191.6105970219643,215.15904984140877,222.88158848871402,223.96177039882136,207.71295087153814,17.311869136413893
5,右前足,trough_peak_ratio,6,1.8499631121414775,1.9507412982259384,2.0972539633590053,2.335439043367434,3.3098349589143137,2.278507301832049,0.4939619109220372
5,右前足,area_ratio,6,1.1040661639482467,1.289399365724676,1.3100879878186844,1.404473394906007,1.438607397075216,1.3135479820482143,0.11157314197974635
5,右前足,peak_from_wave_onset_ms,6,199.0436202167949,226.0759348840007,252.22646444302302,304.0683174541616,365.09644436256485,267.8835033812678,57.11298208757911
5,右前足,apparent_decay_tau_ms,6,130.53588647057967,147.46336092433296,163.1374939554966,181.23178295466423,294.5734144171296,180.14769188895016,54.17569444780923
5,右前足,decay_log_r2,6,0.7703715405516491,0.9243793945852624,0.9495984319846796,0.9648112949421929,0.9934778503351678,0.9248169254838329,0.07281697584424944
5,右前足,middle_fraction,0,,,,,,,
5,右前足,hold_proxy_s,6,0.6485723270544135,0.742294155475582,0.7616090707734449,0.7865043366749598,1.0425401849654579,0.7908315437641978,0.12127560171639833
5,右前足,spectral_centroid_hz,6,1.0764801257070653,1.099129485753629,1.121600593434303,1.159276158442266,1.4305301719063703,1.1689475468533945,0.12061867875945598
5,右前足,spectral_high_fraction,6,0.00020206572778100977,0.0002253815849123824,0.0006109680687493913,0.0012012530334198307,0.0014484308538599607,0.0007278833607360738,0.0005245534749764568
5,右前足,baseline_counts,6,3947173.0,3948574.0,3950174.5,3950798.875,3950998.0,3949594.5833333335,1443.87333287546
5,右前足,baseline_sd,6,591.0981390598349,738.5726368675768,1060.7598617957362,1360.3446243311953,2623.515006151099,1237.9193293117132,684.3108278526935
5,右前足,signal_noise_ratio,6,81.8729831910209,174.99811108812196,219.9071415075202,280.8768741813775,313.07322383782247,215.99817378858938,78.40597405537851
5,右前足,post_event_shift_counts,6,-5436.5,-3429.75,-2273.5,-2024.375,-1262.5,-2833.75,1382.919277892483
6,左前足,peak_counts,8,161688.5,201734.75,244110.25,266898.5,328177.5,240703.0625,49824.92375711521
6,左前足,trough_counts,8,422402.5,477606.625,498000.75,566049.875,800552.5,542482.4375,112961.5317296771
6,左前足,rise_ms,8,127.74233301197313,201.94455563322268,215.4247631403492,235.3702367597292,276.6500854431939,213.37946231858882,40.920543173051804
6,左前足,decay_ms,8,136.52367091808946,219.98885752176545,244.1934346866379,267.2054957423105,288.61899177518245,234.7690819317417,45.52169147550619
6,左前足,width_ms,8,260.1069165629115,272.1853693473939,309.5410278219335,355.86444130656196,438.24269467202015,323.1008669269206,58.47659782096825
6,左前足,area_width_ms,8,275.63601593008934,284.74500780110213,322.8491174020637,359.3775772803805,398.70452705384866,326.84653806264055,44.383531269164756
6,左前足,slope_norm_s,8,5.4173276963579,5.522654630124017,6.0799208443978365,6.668553011308663,7.782495753058694,6.230279809883372,0.7744090386425961
6,左前足,asymmetry,8,0.6615956513541954,0.9486446891420368,1.185769417379482,1.2826837315364565,1.7770186603151223,1.1501413960281937,0.3379555888343121
6,左前足,release_rise_ms,8,96.0830251947371,98.4037765938477,110.94441430135937,167.19589480122488,237.54993915828894,135.83307442904052,47.505394590010035
6,左前足,recovery_ms,8,167.07540538583143,172.93230804936678,177.96418763465203,179.06203044869204,185.28850651622088,176.69398434466345,5.271958637486582
6,左前足,release_width_ms,8,142.32696890915264,152.39336816160565,159.61349073072827,176.45253597829736,178.50896927673077,162.16471942485532,12.817150617319692
6,左前足,release_area_width_ms,8,158.72956833745727,167.47148389543068,186.5168087572104,189.82020398425144,205.96778349711826,181.58552842096384,14.949371968083572
6,左前足,trough_peak_ratio,8,1.6311516233942125,1.8886636454446173,2.2514237978927634,2.6060472464532465,3.374497877090826,2.3332479984824293,0.5957752131456009
6,左前足,area_ratio,8,1.0804719369801072,1.2032249769775678,1.271890752123694,1.3684979419442902,1.4237956338110977,1.2684165208366749,0.115562663086256
6,左前足,peak_from_wave_onset_ms,8,191.33195542774928,232.81466658114257,257.6213899833717,290.07375959815727,329.01458547624077,258.53048335921426,42.098357521525365
6,左前足,apparent_decay_tau_ms,8,68.11705283517966,108.71055872478428,152.16840168005086,166.47864777265028,196.79622154087343,141.3171585617986,42.97804134283196
6,左前足,decay_log_r2,8,0.7818511839832379,0.90772504616024,0.921881347167609,0.9483914580872912,0.965436569462145,0.9129454590926847,0.05399651530089951
6,左前足,middle_fraction,0,,,,,,,
6,左前足,hold_proxy_s,8,0.49909261167167784,0.6065553607625542,0.6535956395558936,0.7093125491381036,0.8138764682290045,0.6542925349145969,0.09672682060922358
6,左前足,spectral_centroid_hz,8,1.1657378701457044,1.285788072921534,1.3407403200032255,1.4731833760807302,1.5608011482270474,1.366041250322989,0.12501520858039536
6,左前足,spectral_high_fraction,8,5.478151054856974e-05,0.0005317890362153246,0.0007062754217405964,0.0011300512288383753,0.0019953242162289585,0.0008916216210656516,0.0006428997050100716
6,左前足,baseline_counts,8,3950131.5,3953254.625,3956326.75,3958865.375,3963577.5,3956544.6875,4282.6562649357875
6,左前足,baseline_sd,8,633.9410777035985,762.684416710829,1428.5368973664245,2611.5716517236024,2886.6220825560104,1659.3774258414587,956.1848843099194
6,左前足,signal_noise_ratio,8,56.247999544698075,111.06943459193003,182.45596261793807,297.5053053081464,402.2432193914803,210.35072123237546,123.22315354387185
6,左前足,post_event_shift_counts,8,-8344.5,-4161.75,-3456.5,-2069.375,2816.5,-2858.5625,3208.2032202377313
7,首と頭,peak_counts,7,152938.5,178801.0,201235.5,244315.75,287669.5,212582.42857142858,45876.56905952612
7,首と頭,trough_counts,7,314332.0,366489.5,419958.5,423341.0,425540.5,391356.0,40245.113831193405
7,首と頭,rise_ms,7,202.31756778791876,215.5649620872823,225.14382221766382,230.86468695467488,273.9627408963585,227.75477556940794,21.688419913183193
7,首と頭,decay_ms,7,231.35872375987776,250.99725735777054,330.7872003475154,351.7566613858154,404.6592509230926,310.3304303596654,61.17100921994963
7,首と頭,width_ms,7,203.93882863459356,322.6522258475146,366.8036533560457,373.8564903102,417.70342049347954,340.2090478285068,63.523640941893184
7,首と頭,area_width_ms,7,237.00475231332948,342.91761088117073,383.25319679027433,398.73747624550924,438.8609584476915,363.2041545435222,60.71217405646063
7,首と頭,slope_norm_s,7,4.598983355939443,5.1303507986141135,5.17940130281181,5.451755833919937,7.134576310662024,5.439596319211626,0.7405452708887081
7,首と頭,asymmetry,7,1.0782155140924625,1.1961449816718621,1.2813566094770992,1.4873105590883382,1.7979370063256828,1.3606314587736636,0.23386825552487037
7,首と頭,release_rise_ms,7,130.5166465004568,148.7009001077766,172.6830878110519,175.85515926433447,184.35295385097206,162.38068670095754,19.036583645361866
7,首と頭,recovery_ms,7,156.64130499985873,157.34433785010316,163.43611048350226,171.206526542081,189.49851802139682,166.66823746987515,11.403127833786987
7,首と頭,release_width_ms,7,131.86097874679348,145.0041394621049,158.5630381707439,160.8514417412552,168.71488704041582,152.97858090923904,12.000412937290276
7,首と頭,release_area_width_ms,7,162.8924226838196,167.0289264115781,177.62389205196635,184.75274019602398,190.03768562681068,176.30247622540014,10.115943662494491
7,首と頭,trough_peak_ratio,7,1.4598645320411097,1.7445143082215315,1.860996195999215,2.0506457560613565,2.3439519806981237,1.8935904053291748,0.26843285446215465
7,首と頭,area_ratio,7,0.8671366740450818,0.8810571265678361,0.9119050145916567,0.9413941200268017,1.0510939629429263,0.9250054492527058,0.05933906941427389
7,首と頭,peak_from_wave_onset_ms,7,235.252844689149,269.94591913005905,273.0540271793176,292.7245980022457,391.90997084075894,289.36541099626214,46.47140887832746
7,首と頭,apparent_decay_tau_ms,7,118.05647751943755,129.37386387446574,161.84420352104814,175.93850820420704,256.82297704522824,163.90691460615133,44.17750380760178
7,首と頭,decay_log_r2,7,0.8588076155027022,0.9391422826833246,0.9864433824011806,0.9887957044121696,0.992588755823755,0.9562451039883751,0.04949200086221594
7,首と頭,middle_fraction,2,-0.02999214618790513,-0.026841981069773407,-0.023691815951641684,-0.02054165083350996,-0.017391485715378237,-0.023691815951641684,0.006300330236263446
7,首と頭,hold_proxy_s,7,0.7678716508788259,0.8468022046715458,0.8555931555012162,0.9352960999338946,1.0521492400894141,0.8914015222400481,0.08486214253847324
7,首と頭,spectral_centroid_hz,7,1.1065667341991796,1.1466855831072351,1.176991194831595,1.2226274708393945,1.4306010544895837,1.2075407273448027,0.10024376706250579
7,首と頭,spectral_high_fraction,7,0.0001822095123665482,0.0004673867840561977,0.0009695847272125494,0.0011432373690295368,0.001748582781096687,0.000874517903835322,0.0005130234797460633
7,首と頭,baseline_counts,7,3952543.5,3954863.75,3956790.0,3959424.0,3967947.0,3957979.4285714286,4813.2490469281865
7,首と頭,baseline_sd,7,553.7379705239654,640.1304513079888,1033.0841156459624,1155.5308172357024,1366.1458926483658,934.8986451293822,295.8060128932755
7,首と頭,signal_noise_ratio,7,133.95525993364856,196.61801315389596,210.57011666765203,280.81663438120546,460.4831410761353,251.41111610680554,99.75863425685681
7,首と頭,post_event_shift_counts,7,-14736.0,-6575.0,-1613.0,-777.25,348.0,-4386.5,5186.160760000737
