key,cohort,file,event,label,zone,rise_ms,decay_ms,width_ms,area_width_ms,slope_norm_s,asymmetry,release_rise_ms,recovery_ms,release_width_ms,release_area_width_ms,trough_peak_ratio,area_ratio,peak_counts,trough_counts,baseline_counts,baseline_sd,peak_to_trough_ms,pressure_onset_to_release_ms,positive_area_counts_s,negative_area_counts_s,positive_tau_ms,positive_tau_r2,negative_tau_ms,negative_tau_r2,between_pulses_fraction,post_400_700_fraction,rebound_200_800_fraction,rise_sample_intervals,recovery_sample_intervals,trigger_s,end_s,peak_s,trough_s
live:pressure-head-20260920-200652.csv:1,live,pressure-head-20260920-200652.csv,1,4,,167.60622,283.32599,283.6424,303.68643,8.0228643,1.6904265,124.83929,140.57349,132.2337,146.75453,2.231482,1.0783495,249393.0,556516.0,3944709.0,416.14632042107496,705.0000000000001,760.5291284034532,75737.2821312372,81671.25088382169,129.66688411332714,0.9572388293714442,61.19857823564274,0.9963830161450047,,0.007766173838667711,0.009085093690028679,6.704248800000024,5.62293960000002,5.542,6.751,5.668,6.373
live:pressure-head-20260920-200652.csv:2,live,pressure-head-20260920-200652.csv,2,4,,252.95024,230.12466,297.04822,316.88895,4.6178007,0.90976256,114.05304,133.22003,139.04498,151.46115,2.2626152,1.0814461,219368.5,496346.5,3952233.5,779.2820028718744,477.9999999999998,669.1338537423696,69515.45980276068,75177.21854327674,108.16898066691442,0.9632770148990649,58.22909297433132,0.9972037814760297,,0.008885929486759753,0.011299565928237632,10.118009600000036,5.3288012000000196,10.882,11.94,11.084,11.562
live:pressure-head-supplement-20260920.csv:1,live,pressure-head-supplement-20260920.csv,1,4,,240.53217,533.16113,307.6546,371.61353,4.8567772,2.2165897,95.651123,138.73767,135.64417,144.77362,2.1157534,0.82425767,171463.5,362774.5,3952409.5,842.9497894299517,1260.0000000000016,1427.8419737838171,63718.16267843437,52520.17780144081,230.3731410541618,0.96508459944351,59.76529127548356,0.9957723354885434,0.04841263592543019,0.023531146759212678,0.02554892915571519,9.621286799999863,5.5495067999999215,17.782,19.571,17.933,19.193
live:pressure-head-supplement-20260920.csv:2,live,pressure-head-supplement-20260920.csv,2,4,,161.71378,247.23077,238.85069,264.35092,8.2719984,1.5288171,138.2229,145.72559,130.05701,146.26289,1.891407,1.0464978,270266.0,511183.0,3963146.0,596.8407576565126,1411.0000000000014,1464.7313557988716,71445.06551970751,74767.0901507441,110.021211798068,0.9916465814497619,63.17243138501659,0.9982198438364185,-0.017016568861788015,-0.006844906814193742,-0.006013502013955863,6.468551199999909,5.829023599999918,22.996,24.935,23.122,24.533
live:pressure-head-supplement-20260920.csv:3,live,pressure-head-supplement-20260920.csv,3,4,,131.13811,279.27295,213.85063,238.11423,9.0052576,2.1296093,109.98401,147.74023,129.65161,147.54301,1.9000223,1.1773131,293970.5,558550.5,3963147.5,1573.9031251954486,1436.0,1485.3960377501955,69998.55794687348,82410.21006421208,126.08791436985236,0.9984317328829273,64.78200996698266,0.9995076681194911,-0.01410005425714485,-0.011129700895442757,-0.008612471029924778,5.245524399999926,5.909609199999916,27.731,29.696,27.832,29.268
live:pressure-head-supplement-20260920.csv:4,live,pressure-head-supplement-20260920.csv,4,4,,123.02953,210.96298,206.60864,220.57149,8.772583,1.7147346,90.158813,145.14001,122.6554,136.87495,1.7921987,1.1121434,294052.5,527000.5,3963077.5,894.8277990764481,1057.9999999999998,1106.6503369131055,64859.59730410347,72133.1670274626,90.56889862374827,0.9886003921876447,63.06410205034625,0.9994373459789193,-0.02484080223769565,-0.008733388298493076,-0.007315932337825106,4.92118119999993,5.805600399999917,32.92,34.481,33.02,34.078
live:pressure-head-supplement-20260920.csv:5,live,pressure-head-supplement-20260920.csv,5,4,,154.43636,201.37248,199.62018,217.58461,7.3069968,1.3039188,137.77588,140.4801,122.64246,143.95753,1.6908898,1.1187203,299548.5,506503.5,3961392.5,842.6998338673149,1159.000000000006,1193.423261652356,65177.15035918412,72914.99199379419,90.36966382924719,0.9964777488393476,60.93638470150236,0.9995786312778976,-0.01508103028391062,-0.007769936436766972,-0.005894332418236004,6.177454399999912,5.61920399999992,38.308,39.996,38.434,39.593
live:pressure-head-supplement-20260920.csv:6,live,pressure-head-supplement-20260920.csv,6,4,,168.33069,249.21458,229.97505,253.26297,7.4998631,1.4805059,113.72986,157.95105,129.4137,147.58849,2.0986428,1.2229799,246804.5,517954.5,3961555.5,818.0814430727542,1108.000000000004,1171.2714455662265,62506.43411750658,76444.13089053448,119.22753675926843,0.9847508577579974,68.23862491600894,0.9993677090717907,-0.10066874793611948,-0.028399212672155567,-0.02689715023230805,6.733227599999904,6.3180419999999105,43.622,45.284,43.748,44.856
live:pressure-head-supplement-20260920.csv:7,live,pressure-head-supplement-20260920.csv,7,4,,209.0257,298.25226,276.24319,300.85046,5.7771101,1.4268689,103.79712,132.72217,122.74829,134.71481,2.1942923,0.9825601,203652.0,446872.0,3949810.0,1432.892441008745,856.0000000000016,978.0050870252169,61268.7892497345,60200.271631233016,134.15575994115628,0.9908678396202765,60.72867704990231,0.9944824477706334,0.029982519199418616,0.018512012388334914,0.02024517087667162,8.361027999999882,5.308886799999925,48.659,49.994,48.785,49.641
live:pressure-head-supplement-20260920.csv:8,live,pressure-head-supplement-20260920.csv,8,4,,221.39832,226.29634,205.35991,236.59863,7.6324811,1.0221231,127.82941,146.26025,118.85919,135.89209,2.1004341,1.2063991,249631.5,524334.5,3959359.5,1029.8643053820247,932.0000000000022,1040.1353227553186,59062.47024319509,71252.91204236531,106.72888360984986,0.9771802354580706,62.836709743813884,0.9990635893278922,-0.02187824853834552,-0.01443448790800529,-0.012719933553866854,8.855932799999875,5.8504099999999175,52.89,54.351,53.016,53.948
live:pressure-head-supplement-20260920.csv:9,live,pressure-head-supplement-20260920.csv,9,4,,157.94943,250.83282,213.64758,239.4238,8.3129311,1.5880578,110.9754,145.28687,121.82788,136.26363,2.1055355,1.1983265,285430.0,600983.0,3956149.0,626.633263959072,956.9999999999936,1030.2009656554603,68338.73585926683,81892.10923813381,115.94994871761804,0.9968011269442986,63.08555659942287,0.9965388540001835,-0.045266790456504225,-0.010534407795228816,-0.009421231548978923,6.317977199999911,5.8114747999999175,57.952,59.438,58.078,59.035
live:pressure-head-supplement-20260920.csv:10,live,pressure-head-supplement-20260920.csv,10,4,,195.89046,318.65427,258.11331,301.75836,8.1809092,1.6266962,102.08392,139.59991,124.03931,135.47862,2.4721596,1.1099105,244985.0,605642.0,3951624.0,322.81215900272406,655.0000000000011,774.8844881057337,73926.26376515429,82051.54836447876,167.38883652634115,0.9798669158014187,60.7264038681551,0.9950491015886943,,0.000566341171847395,0.002095297221791091,7.8356183999998885,5.58399639999992,62.888,64.097,63.039,63.694
live:pressure-head-supplement-20260920.csv:11,live,pressure-head-supplement-20260920.csv,11,4,,182.01129,350.09698,274.44376,305.4191,7.0038981,1.9234905,87.94043,134.67346,119.73889,131.99181,2.4692719,1.0671358,239341.0,590998.0,3954755.0,1678.926272204947,1033.0000000000014,1165.2295565094591,73099.32325314858,78006.90446388412,149.8047462277715,0.9906222797360714,58.549434450999904,0.9989469036417109,0.0018530047087628111,0.005688682533612635,0.007370583318386865,7.280451599999896,5.386938399999924,67.295,68.882,67.446,68.479
live:pressure-head-supplement-20260920.csv:12,live,pressure-head-supplement-20260920.csv,12,4,,170.64011,777.28424,303.65622,398.78915,6.5045877,4.5551085,102.54517,154.12634,130.79114,146.83215,1.6499904,0.6075182,135502.0,223577.0,3961247.0,608.6155169727436,1108.9999999999945,1195.1909154172286,54036.72519512571,32828.29855308171,388.0856707651953,0.860562265150272,65.28234549505123,0.99838321445213,,-0.010705484016692236,-0.00778702639359147,6.825604399999903,6.165053599999912,71.93,73.491,72.03,73.139
live:pressure-head-supplement-20260920.csv:13,live,pressure-head-supplement-20260920.csv,13,4,,206.31917,277.60291,236.6039,275.67374,6.573771,1.3455023,117.93903,138.1911,129.89661,144.5909,1.9364747,1.0156811,226311.5,438246.5,3960869.5,1321.0252561930827,755.999999999986,867.1351835612313,62388.13687264923,63366.457273849286,133.73493543302305,0.9895036682204952,61.37889249983107,0.9958537093526505,-0.044801081694920496,0.001712506545973556,0.0036794361164321906,8.252766799999883,5.527643999999921,76.035,77.32,76.186,76.942
live:pressure-legs-20260920.csv:1,live,pressure-legs-20260920.csv,1,3,,177.68697,180.23317,175.18544,204.13564,6.7462397,1.0143297,221.52979,159.22235,143.60913,183.57071,1.3063642,1.1747591,217075.0,283579.0,3932147.0,901.4186541224893,679.9999999999999,631.6215245723857,44312.75103151979,52056.79855760778,101.09474355985155,0.951934420268327,68.97156420258659,0.9983161369191584,,-0.00045842604706272324,0.006146435384848666,7.107478799999899,6.3688939999999095,1.159,2.317,1.26,1.94
live:pressure-legs-20260920.csv:3,live,pressure-legs-20260920.csv,3,3,,181.74405,185.64606,209.19502,223.6694,5.5429797,1.0214698,168.60352,141.91382,112.56787,140.46489,1.9599731,1.2308675,144103.0,282438.0,3933252.0,1056.2425514530269,907.0,938.2287550809591,32231.430095015316,39672.62612167738,88.9947477454291,0.996564720437723,61.64879189400363,0.9989622488240835,-0.04948196775917226,-0.0070829704218270916,-0.0032785956563918454,7.269761999999896,5.676552799999919,7.002,8.388,7.128,8.035
live:pressure-legs-20260920.csv:4,live,pressure-legs-20260920.csv,4,3,,222.83266,302.08347,324.47809,335.93857,6.8224001,1.3556517,70.686707,133.35962,115.83508,126.50883,2.2413583,0.84405798,118322.0,265202.0,3932010.0,745.3051371753718,705.0000000000001,904.7571158309129,39748.92112120978,33550.39494619936,203.79163388694403,0.9052073231652923,55.79310517746522,0.9991153603475647,0.11808454894271564,-0.009639821720801502,0.0017910875483593638,8.913306399999874,5.334384799999924,9.924,11.083,10.025,10.73
live:pressure-legs-20260920.csv:5,live,pressure-legs-20260920.csv,5,3,,176.02322,273.91293,323.66699,317.90082,6.5424652,1.5561181,85.186829,134.22443,116.93304,128.23959,2.229188,0.89924324,125414.5,279572.5,3929478.5,2124.2720988611604,805.9999999999992,942.8108216079831,39869.36591570104,35852.262911914666,181.65929436224098,0.87194676619191,58.15889571218105,0.9988814660329456,0.10330942594357112,-0.005529871500236969,0.00025574761466167097,7.0409287999999,5.368977199999924,12.518,13.803,12.644,13.45
live:pressure-legs-20260920.csv:6,live,pressure-legs-20260920.csv,6,3,,231.57777,222.98615,197.46213,249.36221,9.4174747,0.96289963,112.36359,152.34143,132.414,148.1602,3.0376937,1.8048657,104261.5,316714.5,3928162.5,1458.3552687874108,931.9999999999986,1064.278375271911,25998.878132631948,46924.484082395895,134.50194357326762,0.8724615076470958,63.398727284341554,0.9989386508229595,-0.1558341286093141,-0.0021107337996839424,0.0028369398938160395,9.263110799999868,6.093657199999914,16.598,18.034,16.724,17.656
live:pressure-legs-20260920.csv:10,live,pressure-legs-20260920.csv,10,3,,167.09592,338.62961,331.36868,335.1871,6.9923816,2.0265582,129.94855,134.15112,133.00934,149.75844,2.1215942,0.94790828,122991.0,260937.0,3927607.0,1050.922274718735,855.9999999999981,923.9980722370831,41225.00359140968,39077.515885846624,152.33902650062015,0.9383604646138274,57.55799566390049,0.9988564337957452,0.09995853355123546,0.010107803799384526,0.01588506037855881,6.683836799999905,5.366044799999924,30.827,32.137,30.928,31.784
live:pressure-legs-20260920.csv:12,live,pressure-legs-20260920.csv,12,3,,186.26834,131.12549,159.84821,191.95284,9.6029024,0.70396012,297.35632,151.42847,126.08527,168.91245,2.1012897,1.8490688,114128.0,239816.0,3930959.0,735.6409518236461,754.9999999999955,657.0542442921621,21907.193179852904,40507.90491436202,63.09670642631373,0.9900169326517481,65.65180679959656,0.9986551996118608,-0.22815610542548717,-0.008245905193982052,0.002068252326783868,7.450733599999894,6.0571387999999144,37.476,38.635,37.527,38.282
live:pressure-legs-20260920.csv:13,live,pressure-legs-20260920.csv,13,3,,141.64935,293.79901,209.26851,248.77414,8.0114546,2.0741289,80.34314,134.86383,115.0592,127.19551,1.8758924,0.95912337,147364.0,276439.0,3930277.0,969.3181314718095,604.9999999999968,731.8058111602354,36660.3566286848,35161.801833200494,166.2262282144581,0.9075270251391924,57.70742343559364,0.9988195860000744,,0.01946541551662392,0.027282691660728046,5.6659739999999195,5.394553199999923,40.901,41.984,41.027,41.632
live:pressure-legs-20260920.csv:16,live,pressure-legs-20260920.csv,16,3,,160.22644,249.38158,267.08231,258.12375,6.377739,1.5564321,80.32959,132.91748,119.38696,129.3354,1.6597332,0.8316254,151872.0,252067.0,3931354.0,759.4181061839388,756.0000000000002,862.4204319709179,39201.77101855218,32601.184561256647,121.63160274221826,0.9220393643388438,56.04813095848717,0.9994697656060783,-0.09482327222924568,-0.01291918418515712,-0.001015602994441954,6.409057599999909,5.316699199999925,50.724,51.933,50.825,51.581
live:pressure-legs-20260920.csv:19,live,pressure-legs-20260920.csv,19,3,,142.44855,172.94983,215.38422,221.67186,8.3495426,1.2141213,118.15155,141.9566,107.56891,127.59303,2.9374058,1.6907537,124356.5,365285.5,3936021.5,1495.4491457418403,830.9999999999959,921.345433082756,27566.33547434146,46607.88666594723,74.08711570476308,0.9654677069126659,62.26521852226693,0.9994153485635693,-0.22827918122494603,-0.0065606217602395935,0.0006556515383172888,5.6979419999999195,5.67826399999992,60.925,62.235,61.026,61.857
live:pressure-legs-20260920.csv:20,live,pressure-legs-20260920.csv,20,3,,267.16809,189.2522,219.5085,255.92665,8.0416155,0.70836377,89.813965,153.13611,116.38806,133.59483,3.326638,1.7365196,128123.5,426220.5,3936276.5,1294.886562599211,603.9999999999992,819.6580505517943,32790.21672259319,56940.84818714987,99.40272446975489,0.9405032322010107,65.66729995509375,0.9997485035939154,-0.14713538109714455,-0.019049998768243197,-0.014078393695282137,10.686723599999848,6.125444399999913,64.879,66.037,65.005,65.609
live:pressure-legs-20260920.csv:21,live,pressure-legs-20260920.csv,21,3,,157.30849,397.00681,256.78201,295.36581,6.866725,2.523747,95.489746,139.07928,131.86176,143.06416,2.0190251,0.97794032,131195.0,264886.0,3928959.0,1422.3045480838482,756.0000000000002,826.1467140873435,38750.515596673584,37895.69165542197,184.6950606453318,0.9952021581742234,59.9594929674098,0.9987715359700977,,0.010398813074303662,0.015025331652106944,6.292339599999911,5.563171199999921,68.581,69.764,68.656,69.412
live:pressure-legs-20260920.csv:22,live,pressure-legs-20260920.csv,22,3,,238.53711,234.70528,288.04752,299.56006,5.2132878,0.98393613,96.25647,129.0932,131.05084,140.37656,2.4918025,1.1676812,109697.5,273344.5,3934327.5,1532.5113506920593,655.0000000000011,811.3860103289596,32860.98843068119,38371.15954854078,113.03366267621121,0.9332274086297546,56.81961171130423,0.993819696640882,,-0.007126538123137652,-0.0036858250303188835,9.541484399999865,5.163727999999926,72.534,73.643,72.635,73.29
live:pressure-legs-20260920.csv:23,live,pressure-legs-20260920.csv,23,3,,204.44827,259.91626,273.61526,302.14432,5.9487329,1.2713057,94.47113,137.29303,139.26843,148.99821,2.0990021,1.0350933,133719.5,280677.5,3936098.5,1856.452932341674,580.0000000000125,688.1100285646937,40402.59201453431,41820.44715741516,133.78737423654206,0.9766464713899062,56.01346393946881,0.9991578706175063,,-0.0065751618850816325,-0.0025634402472588646,8.177930799999885,5.491721199999922,77.622,78.654,77.722,78.302
live:pressure-legs-20260920.csv:24,live,pressure-legs-20260920.csv,24,3,,220.4883,228.47205,303.74219,326.54135,5.0084748,1.0362093,153.99634,153.79785,147.85468,167.45171,2.0444677,1.0484111,123303.0,252089.0,3937066.0,1147.2154810670922,628.9999999999907,711.0406893799421,40263.528886727814,42212.731984520426,123.14448168691207,0.9192875962130823,63.516128839991765,0.997111853959433,,-0.015101809281642594,-0.011944194312326203,8.819531999999874,6.151913999999913,82.432,83.565,82.558,83.187
live:pressure-legs-20260920.csv:25,live,pressure-legs-20260920.csv,25,3,,209.44266,146.50232,189.7001,197.94514,8.1363373,0.69948655,82.208405,140.78754,114.17609,128.05405,3.2700133,2.1154265,120201.5,393060.5,3939582.5,617.368091174139,427.99999999999727,561.8399770732623,23793.302647336463,50332.98745321235,96.79628555648667,0.9376948726506498,61.16465817492405,0.9996401793705771,,-0.017502394669522886,-0.015350054253734476,8.37770639999988,5.63150159999992,87.544,88.476,87.645,88.073
live:pressure-legs-20260920.csv:26,live,pressure-legs-20260920.csv,26,3,,131.34796,188.33661,249.94934,220.44252,9.2548418,1.4338754,91.017731,135.79382,111.38528,127.13202,2.9585145,1.706213,144050.0,426174.0,3935230.0,679.1078412152226,429.00000000000205,474.0034495868173,31754.747997464063,54180.35868210701,152.899219460339,0.6551707494194753,59.30116947818176,0.9999293548683261,,0.004697611773594823,0.012774125122602505,5.253918399999925,5.4317527999999236,92.305,93.186,92.38,92.809
original:pressure-zone03-right-hind-leg-20260920-171839.csv:1,original,pressure-zone03-right-hind-leg-20260920-171839.csv,1,3,3,153.79257,284.20609,237.82549,272.53561,7.9903798,1.8479831,224.49109,179.22461,184.26556,210.9138,1.590822,1.2311282,411635.0,654838.0,3933698.0,703.2705738192094,831.0000000000005,789.9981706921309,112185.20797035901,138114.37017593405,137.23024388187082,0.9808489344786756,78.62085775908642,0.9958329542575888,,-0.015527504512566466,-0.0051921238535332405,6.151702799999995,7.168984399999994,3.575,5.086,3.752,4.583
original:pressure-zone03-right-hind-leg-20260920-171839.csv:2,original,pressure-zone03-right-hind-leg-20260920-171839.csv,2,3,3,144.32384,285.24701,204.63303,239.16963,8.0959597,1.9764372,228.71033,178.11053,153.55231,194.75717,1.5089865,1.2287761,486814.5,734596.5,3927027.5,1473.7389185334016,856.0000000000016,780.443229156555,116431.24326932183,143067.9403353663,134.17842026458612,0.9980765574105099,76.90793755929244,0.9987311119808594,0.05801696539441615,-0.007340764623844519,0.0038027679140861686,5.772953599999995,7.124421199999994,9.039,10.525,9.165,10.021
original:pressure-zone03-right-hind-leg-20260920-171839.csv:3,original,pressure-zone03-right-hind-leg-20260920-171839.csv,3,3,3,125.60875,340.98343,177.83502,224.25682,8.897418,2.7146471,259.09009,177.91064,177.55841,212.09877,1.2527066,1.1847913,486172.5,609031.5,3929368.5,1394.530444271476,882.0000000000015,718.0156679490715,109027.50231888537,129174.82444559601,156.45181422531533,0.9942170981421349,78.23527691355058,0.9961705809247245,,-0.016775815372439686,-0.0036147555586205312,5.024349999999996,7.116425599999994,14.478,15.938,14.578,15.46
original:pressure-zone03-right-hind-leg-20260920-171839.csv:4,original,pressure-zone03-right-hind-leg-20260920-171839.csv,4,3,3,154.8486,298.87933,314.99454,302.8754,7.4421368,1.9301391,236.68103,178.5033,173.41064,214.30695,1.6597763,1.1744156,357069.5,592655.5,3930826.5,943.115818709452,806.0000000000009,735.1270192679458,108147.55436834114,127010.20096155873,147.05739917136472,0.891041075343328,78.89197528569983,0.9973736416555703,,-0.021384261177024428,-0.01730094464659486,6.193943999999995,7.140131999999994,19.816,21.251,19.967,20.773
original:pressure-zone03-right-hind-leg-20260920-171839.csv:5,original,pressure-zone03-right-hind-leg-20260920-171839.csv,5,3,3,176.04936,238.47079,286.96304,281.35284,6.0495157,1.3545678,92.916138,172.42847,159.88501,171.12968,1.8239102,1.1093729,383634.0,699714.0,3929658.0,1558.478360452913,1032.0,1114.1306871028505,107936.5087755117,119741.83678510996,144.9564560716757,0.8527600654138177,73.36087667049152,0.9975411329150012,-0.04675810798834305,-0.009329526063505946,-0.0036543502059412846,7.041974399999995,6.897138799999994,25.255,26.917,25.406,26.438
original:pressure-zone03-right-hind-leg-20260920-171839.csv:6,original,pressure-zone03-right-hind-leg-20260920-171839.csv,6,3,3,144.55475,285.32651,220.20789,247.83115,6.8390174,1.9738301,258.79297,176.86938,165.45056,207.49661,1.5014514,1.25709,447672.5,672158.5,3925690.5,1277.3260537153387,1158.0000000000014,1052.203003009101,110947.17962702342,139470.6064880929,149.3041839220099,0.9562364403826343,75.72915858210867,0.9995562907922899,-0.07509842574649996,0.0034270190736262356,0.013970663169475652,5.7821899999999955,7.074775199999994,30.29,32.053,30.416,31.574
original:pressure-zone04-left-hind-leg-20260920-172018.csv:1,original,pressure-zone04-left-hind-leg-20260920-172018.csv,1,3,4,112.68055,421.96719,340.02173,379.728,8.7209682,3.7448094,177.08588,167.99316,152.14844,183.25926,2.420645,1.1682193,309378.5,748895.5,3941891.5,2073.6356303603584,1007.0000000000001,937.3738648904335,117479.68061835205,137242.03050733494,223.97217920630888,0.9726654912194604,74.62672114457416,0.9954632236696952,,-0.014191566113029122,-0.0027861030010195016,4.507222000000016,6.719726400000024,2.291,3.852,2.392,3.399
original:pressure-zone04-left-hind-leg-20260920-172018.csv:2,original,pressure-zone04-left-hind-leg-20260920-172018.csv,2,3,4,200.38716,320.33649,360.60406,366.565,5.3129354,1.5985879,240.22241,168.79907,156.67694,192.7608,2.4602127,1.2937202,246297.0,605943.0,3938353.0,1491.6562095536626,881.0000000000002,882.8338236528506,90283.87363309343,116802.07191984543,147.22197874280886,0.9660370040742032,77.17403264615322,0.9960096725137972,,-0.008183112933064661,-0.0029936809237832603,8.015486400000029,6.751962800000024,7.427,8.938,7.629,8.51
original:pressure-zone04-left-hind-leg-20260920-172018.csv:3,original,pressure-zone04-left-hind-leg-20260920-172018.csv,3,3,4,118.68645,287.52719,296.83508,293.87982,8.3842268,2.4225781,169.01813,169.28326,170.229,189.14098,2.2956672,1.4774908,261402.0,600092.0,3941788.0,3462.5008664258844,831.0000000000013,786.3728602415794,76820.77435725123,113501.98325776978,144.15658632187018,0.9121261513581272,75.18654891323335,0.9937947316044352,-0.015914185813421473,-0.017322343907267553,-0.014141165021363391,4.747458000000017,6.771330400000025,13.192,14.577,13.293,14.124
original:pressure-zone04-left-hind-leg-20260920-172018.csv:4,original,pressure-zone04-left-hind-leg-20260920-172018.csv,4,3,4,124.62296,283.02557,289.7049,281.75751,8.5825815,2.271055,128.19769,167.08868,160.73682,176.78911,2.1976707,1.3789314,315471.5,693302.5,3935053.5,1098.6173071183614,754.999999999999,762.4140318335293,88886.46556662844,122568.32937978969,132.19852059746623,0.9523061280066042,72.59324362911298,0.9989963413191444,,-0.00690174923644441,-0.002418136383468976,4.9849184000000175,6.6835472000000244,18.353,19.662,18.454,19.209
original:pressure-zone04-left-hind-leg-20260920-172018.csv:5,original,pressure-zone04-left-hind-leg-20260920-172018.csv,5,3,4,143.96112,332.75153,285.34766,297.13174,6.2696738,2.3113985,195.67853,175.52216,149.18726,185.41934,1.831033,1.1426209,332961.5,609663.5,3938478.5,2203.430980879592,780.9999999999989,765.1178830530014,98933.43076077552,113043.4098667398,148.79421716905037,0.9744120094167814,75.96844230739146,0.9956254636337313,,-0.007648481498400347,-0.0004879741037473951,5.75844480000002,7.020886400000025,23.614,24.999,23.765,24.546
original:pressure-zone04-left-hind-leg-20260920-172018.csv:6,original,pressure-zone04-left-hind-leg-20260920-172018.csv,6,3,4,161.2104,277.53613,279.10452,282.73132,7.3479495,1.721577,165.26855,149.8728,145.60114,169.87787,2.116152,1.2714806,349365.5,739310.5,3935946.5,3262.6116701195074,780.9999999999989,794.7801680894919,98776.57176871694,125592.4911110206,137.25637919697343,0.9729272490966808,64.55897988880524,0.9972362252915198,-0.029927110719289683,0.004732111879920548,0.008340879779199672,6.448416000000023,5.994912000000022,28.901,30.261,29.027,29.808
original:pressure-zone05-right-front-leg-20260920-173826.csv:1,original,pressure-zone05-right-front-leg-20260920-173826.csv,1,3,5,323.79932,432.11224,370.19345,420.52808,3.6017599,1.3345064,143.96375,166.00818,162.62158,182.78096,3.309835,1.4386075,214795.0,710936.0,3947173.0,2623.515006151099,855.9999999999999,1042.540184965458,90327.32685355988,129945.56056956203,294.57341441712873,0.7703715405516498,73.72959794193247,0.9951071796475771,,-0.007665246942059482,-0.0025234338955967906,12.951972799999993,6.640327199999996,4.33,5.89,4.556,5.412
original:pressure-zone05-right-front-leg-20260920-173826.csv:2,original,pressure-zone05-right-front-leg-20260920-173826.csv,2,3,5,162.95465,342.20844,298.74652,326.63144,6.8478131,2.1000226,124.85413,175.32648,174.45245,185.77116,1.9412204,1.1040663,281135.0,545745.0,3948229.0,1383.0612522589158,730.0000000000005,793.8483792221244,91827.53223797471,101383.67126281469,176.26922339577342,0.96262064186407,74.51526528159437,0.9988518097071637,,-0.007350502524072598,-0.0020632346608764167,6.518185999999996,7.013059199999996,8.961,10.295,9.112,9.842
original:pressure-zone05-right-front-leg-20260920-173826.csv:3,original,pressure-zone05-right-front-leg-20260920-173826.csv,3,3,5,155.47485,323.9469,296.17737,308.71198,8.1302519,2.0835967,156.90015,188.93597,222.09967,223.44576,1.979304,1.4326203,213954.0,423480.0,3950740.0,1292.1947405480337,754.999999999999,764.4722090334657,66050.16026905274,94624.80194865089,146.61589306070385,0.9203137854119201,81.9926684355433,0.9972380970379271,,-0.01742231038065552,-0.0018773023519410598,6.218993999999997,7.5574387999999955,13.114,14.448,13.24,13.995
original:pressure-zone05-right-front-leg-20260920-173826.csv:4,original,pressure-zone05-right-front-leg-20260920-173826.csv,4,3,5,186.96712,261.01764,305.04681,313.87177,6.0856133,1.3960618,192.44281,194.0014,201.60455,223.96176,1.8499631,1.3200326,209418.5,387416.5,3950818.5,708.3218548089561,628.9999999999977,648.5723270544134,65730.56192145991,86766.48522171497,130.53588647057975,0.9934778503351678,83.8523897807497,0.9983724473721667,,-0.017365032206940075,-0.010935259597874638,7.4786847999999955,7.760055999999995,18.752,20.01,18.928,19.557
original:pressure-zone05-right-front-leg-20260920-173826.csv:5,original,pressure-zone05-right-front-leg-20260920-173826.csv,5,3,5,237.3699,319.83594,368.02014,382.56055,4.6215806,1.3474157,137.66486,183.22565,193.81519,208.98209,2.3714442,1.2954534,196409.0,465773.0,3950761.0,777.9148668074162,603.9999999999992,759.5454408783802,75138.34693342922,97338.2156582811,183.50942987717013,0.9371146241100858,77.51977400314573,0.9983050410705014,,-0.003905335861031017,0.000264077136287419,9.494795999999994,7.329025999999996,24.113,25.397,24.314,24.918
original:pressure-zone05-right-front-leg-20260920-173826.csv:6,original,pressure-zone05-right-front-leg-20260920-173826.csv,6,3,5,204.47963,332.25024,385.33063,381.06412,5.2381697,1.6248574,180.50909,176.07904,203.57928,221.18912,2.215204,1.2858177,185057.0,409939.0,3949609.0,591.0981390598349,678.9999999999985,736.8102297963013,70518.57274588627,90674.05246142035,150.00576451522002,0.9655415126349005,76.90683644051977,0.9983455472824795,,-0.01152366571611874,-0.0036639597598667117,8.179185199999996,7.043161599999996,29.323,30.632,29.5,30.179
original:pressure-zone06-left-front-leg-20260920-174028.csv:1,original,pressure-zone06-left-front-leg-20260920-174028.csv,1,3,6,187.30673,264.77744,259.47031,299.87006,6.8503575,1.4136034,238.1416,167.79816,158.02539,193.07841,1.9729081,1.2703035,259893.0,512745.0,3964178.0,2721.0414821351033,679.9999999999999,627.5390194103079,77934.11435673898,98999.99800708634,194.66122585769045,0.9123608677182508,75.25387209803853,0.9959644356319459,,-0.0036694653287696615,0.002422256677295732,7.492269200000026,6.711926400000023,1.158,2.392,1.284,1.964
original:pressure-zone06-left-front-leg-20260920-174028.csv:2,original,pressure-zone06-left-front-leg-20260920-174028.csv,2,3,6,221.92294,273.6369,335.70401,345.32373,5.4128366,1.2330266,167.76117,185.02948,177.09735,205.85364,2.0609193,1.2285507,233415.5,481050.5,3961668.5,2150.2839719441713,554.0000000000002,628.957052480982,80603.91750782977,99025.9903366683,197.21671525598947,0.9013889424257966,79.54047687364631,0.9984249595119927,,-0.011919746471524299,-0.0076073094196971005,8.876917600000032,7.401179200000026,5.186,6.394,5.362,5.916
original:pressure-zone06-left-front-leg-20260920-174028.csv:3,original,pressure-zone06-left-front-leg-20260920-174028.csv,3,3,6,206.35516,136.52365,272.25076,275.63602,6.3571973,0.66159552,98.635834,177.92145,176.20938,188.88206,1.6311517,1.1177614,286113.5,466694.5,3957866.5,775.9135261097077,378.0000000000001,499.09261167167784,78863.18524381363,88150.23010044017,68.11705283517959,0.9554381983396641,80.08248602432755,0.9955071512622581,,-0.01136075098378061,-0.004787928719965631,8.25420640000003,7.116858000000025,9.541,10.573,9.717,10.095
original:pressure-zone06-left-front-leg-20260920-174028.csv:4,original,pressure-zone06-left-front-leg-20260920-174028.csv,4,3,6,232.37753,288.61896,350.16122,374.83356,5.8026443,1.2420261,97.707703,178.34521,151.00842,165.21194,3.0903184,1.3620912,203004.0,627347.0,3955180.0,808.5835702016212,528.9999999999999,696.2419178328752,76092.70186658877,103645.22093052675,149.13627516795813,0.9654365694621447,79.0161883845016,0.9998130946140571,,-0.010754016517174706,-0.0056906305441804935,9.295101200000033,7.133808400000025,13.595,14.803,13.796,14.325
original:pressure-zone06-left-front-leg-20260920-174028.csv:5,original,pressure-zone06-left-front-leg-20260920-174028.csv,5,3,6,244.34827,250.49161,372.97412,354.22556,5.5068789,1.0251417,116.34845,178.0069,178.50897,186.05978,2.4446235,1.284058,197927.0,483857.0,3953376.0,722.9970885141931,528.9999999999999,677.5848192206695,70110.81027241348,90026.32809350545,155.20052819214322,0.7818511839832377,76.10423226573937,0.9973639383398032,,-0.010631240221801069,-0.0045901991704160525,9.773930800000036,7.120276000000025,18.705,19.838,18.856,19.385
original:pressure-zone06-left-front-leg-20260920-174028.csv:6,original,pressure-zone06-left-front-leg-20260920-174028.csv,6,3,6,276.65009,198.95386,438.24268,398.70453,5.5279131,0.7191534,105.54041,181.21252,152.85498,168.22466,3.3744979,1.4237956,161688.5,545617.5,3957473.5,2874.564452225763,553.9999999999985,748.5244430537889,64465.936922546214,91786.31951986294,156.6944363028319,0.9099338513447902,77.89859131473824,0.9995986392810399,,-0.017492107566197932,-0.013710154091465174,11.06600360000004,7.248500800000026,24.495,25.729,24.722,25.276
original:pressure-zone06-left-front-leg-20260920-174028.csv:7,original,pressure-zone06-left-front-leg-20260920-174028.csv,7,3,6,209.38785,237.89525,271.98917,286.6528,6.6132154,1.1361464,166.99213,172.68823,161.43591,186.97383,1.6564901,1.080472,254998.5,422402.5,3950131.5,633.9410777035985,754.999999999999,813.8764682290046,73096.03583216835,78978.21542115026,95.72109096037428,0.9460425446698336,75.61374068287047,0.9983023204818586,,-0.01424470735850285,-0.0074088103171737855,8.37551400000003,6.907529200000025,30.563,31.872,30.689,31.444
original:pressure-zone06-left-front-leg-20260920-174028.csv:8,original,pressure-zone06-left-front-leg-20260920-174028.csv,8,3,6,127.74233,227.00049,283.6109,279.02161,7.782496,1.7770185,96.083008,173.01367,142.32697,158.72957,2.4393888,1.3877172,328177.5,800552.5,3952890.5,2886.6220825560104,478.9999999999992,541.009617601354,91568.61438101032,127071.35275647226,113.04038131292079,0.9312032676413585,75.50606682144432,0.9988765473924891,,-0.009602743105542735,0.007922653417483551,5.109693200000018,6.920546800000024,36.629,37.737,36.78,37.259
original:pressure-zone07-neck-head-20260920-174226.csv:1,original,pressure-zone07-neck-head-20260920-174226.csv,1,4,7,205.66919,231.16945,203.83002,236.80768,7.1382732,1.1239867,184.64551,177.07983,141.17017,170.78368,1.4611393,1.0537611,287520.5,420107.5,3960728.5,1583.7200912724445,1033.0,1051.452758713512,68087.05361803663,71747.50437943601,117.86357371566092,0.9863619314301594,76.0673441091126,0.9993650336114799,-0.017918722317191296,-0.01725153680903102,-0.008244318418500027,8.226767599999954,7.083193199999961,0.957,2.569,1.108,2.141
original:pressure-zone07-neck-head-20260920-174226.csv:2,original,pressure-zone07-neck-head-20260920-174226.csv,2,4,7,225.06863,404.65924,368.77432,388.06543,4.5989833,1.797937,138.86316,157.60693,161.87714,177.62389,1.9922928,0.91190493,157774.0,314332.0,3956790.0,647.0156025939405,830.9999999999995,925.3611387921294,61226.63253637242,55832.87323647869,186.42129135819448,0.9877991756834963,69.61934506676218,0.9965988438797235,,-0.005309672575493428,0.00045175165112047136,9.002745199999952,6.304277199999966,5.061,6.421,5.213,6.044
original:pressure-zone07-neck-head-20260920-174226.csv:3,original,pressure-zone07-neck-head-20260920-174226.csv,3,4,7,273.62741,347.57828,417.55594,438.55518,5.1342649,1.2702612,175.07581,157.28491,131.89642,163.50945,2.3462822,0.87478,152832.0,358587.0,3958375.0,1167.1209191853259,654.9999999999993,855.1001915119034,67025.26726944954,58632.362257000874,165.0837207623365,0.9898082496356498,67.33897947206374,0.9997030665345741,,-0.003777326004567929,-0.002080387744117885,10.94509639999994,6.291396399999966,9.947,11.257,10.199,10.854
original:pressure-zone07-neck-head-20260920-174226.csv:4,original,pressure-zone07-neck-head-20260920-174226.csv,4,4,7,233.0361,330.89001,367.06833,409.69183,5.1260228,1.4199088,158.42834,189.06854,159.77692,186.22594,2.1065812,0.95754915,199983.5,421281.5,3967791.5,976.9329506163665,654.9999999999993,768.3800289154306,81931.60338576384,78453.53342357739,257.3087832364835,0.8590809777906953,81.82431919770566,0.9989716031394921,,-0.0368886362206743,-0.034234828730907954,9.32144399999995,7.56274159999996,14.631,15.94,14.832,15.487
original:pressure-zone07-neck-head-20260920-174226.csv:5,original,pressure-zone07-neck-head-20260920-174226.csv,5,4,7,225.1438,242.75354,378.93866,383.25327,5.4511256,1.0782155,176.73444,165.60242,168.71484,190.03767,1.8609962,0.92278248,201235.5,374498.5,3956536.5,633.2453000220372,780.9999999999989,847.197520980096,77124.14868268925,71168.82821071216,133.06789429190832,0.9023098002317127,71.80180253320765,0.9995707746641714,,-0.0204153020639602,-0.012158927205315908,9.005751999999951,6.624096799999964,18.987,20.347,19.138,19.919
original:pressure-zone07-neck-head-20260920-174226.csv:6,original,pressure-zone07-neck-head-20260920-174226.csv,6,4,7,202.31757,259.24097,318.64563,333.60461,5.4523859,1.2813567,130.5166,156.64136,148.88013,162.89241,1.8213161,0.88931203,233644.5,425540.5,3952543.5,1169.3483484402755,830.0000000000018,945.2310610756598,77944.88277400113,69317.32299508393,125.67983345702316,0.9759747651349369,68.75368304291054,0.9982465555639393,-0.02999214618790513,-0.007387075965742391,-0.0012936489006334297,8.092702799999955,6.265654399999966,23.947,25.357,24.124,24.954
original:pressure-zone07-neck-head-20260920-174226.csv:7,original,pressure-zone07-neck-head-20260920-174226.csv,7,4,7,229.06163,355.71121,326.65884,352.23056,5.1794014,1.5529062,172.68311,163.4361,158.56299,183.14435,1.6677125,0.86713684,254987.0,425245.0,3953191.0,553.7379705239654,779.9999999999976,846.4068883629956,89814.22648539448,77881.20963647666,161.8442035210492,0.9925887558237549,71.85710335095102,0.9957963805504507,,-0.0019247727780455973,0.0010088302037648885,9.16246519999995,6.537443999999965,28.731,30.091,28.908,29.688
