host_utc,seq,mcu_ms,raw,label
2026-09-20T08:12:36.107742+00:00,159316,4011257,3932851,
2026-09-20T08:12:36.123752+00:00,159317,4011282,3931764,
2026-09-20T08:12:36.155742+00:00,159318,4011307,3930866,
2026-09-20T08:12:36.171741+00:00,159319,4011332,3931705,
2026-09-20T08:12:36.203745+00:00,159320,4011358,3931494,
2026-09-20T08:12:36.235741+00:00,159321,4011383,3931185,
2026-09-20T08:12:36.251759+00:00,159322,4011408,3931077,
2026-09-20T08:12:36.283008+00:00,159323,4011433,3931128,
2026-09-20T08:12:36.299673+00:00,159324,4011458,3931752,
2026-09-20T08:12:36.331265+00:00,159325,4011483,3932736,
2026-09-20T08:12:36.347271+00:00,159326,4011509,3934075,
2026-09-20T08:12:36.379473+00:00,159327,4011534,3935488,
2026-09-20T08:12:36.411466+00:00,159328,4011559,3936262,
2026-09-20T08:12:36.427480+00:00,159329,4011584,3936103,
2026-09-20T08:12:36.459474+00:00,159330,4011609,3935558,
2026-09-20T08:12:36.475468+00:00,159331,4011634,3935289,
2026-09-20T08:12:36.507642+00:00,159332,4011660,3934393,
2026-09-20T08:12:36.523661+00:00,159333,4011685,3933899,
2026-09-20T08:12:36.555644+00:00,159334,4011710,3933699,
2026-09-20T08:12:36.587669+00:00,159335,4011735,3933713,
2026-09-20T08:12:36.603648+00:00,159336,4011760,3933884,
2026-09-20T08:12:36.635631+00:00,159337,4011786,3934374,
2026-09-20T08:12:36.651681+00:00,159338,4011811,3934896,
2026-09-20T08:12:36.672167+00:00,159339,4011836,3935586,
2026-09-20T08:12:36.687311+00:00,159340,4011861,3936597,
2026-09-20T08:12:36.719919+00:00,159341,4011886,3936778,
2026-09-20T08:12:36.763636+00:00,159342,4011911,3936358,
2026-09-20T08:12:36.778612+00:00,159343,4011937,3936535,
2026-09-20T08:12:36.811596+00:00,159344,4011962,3936468,
2026-09-20T08:12:36.826669+00:00,159345,4011987,3936518,
2026-09-20T08:12:36.847493+00:00,159346,4012012,3936631,
2026-09-20T08:12:36.889575+00:00,159347,4012037,3937030,
2026-09-20T08:12:36.906712+00:00,159348,4012063,3938131,
2026-09-20T08:12:36.939222+00:00,159349,4012088,3938261,
2026-09-20T08:12:36.955866+00:00,159350,4012113,3937905,
2026-09-20T08:12:36.987871+00:00,159351,4012138,3937176,
2026-09-20T08:12:37.003920+00:00,159352,4012163,3936355,
2026-09-20T08:12:37.041446+00:00,159353,4012188,3936021,
2026-09-20T08:12:37.057563+00:00,159354,4012214,3935856,
2026-09-20T08:12:37.073425+00:00,159355,4012239,3935471,
2026-09-20T08:12:37.107261+00:00,159356,4012264,3935276,
2026-09-20T08:12:37.120137+00:00,159357,4012289,3935704,
2026-09-20T08:12:37.168396+00:00,159358,4012314,3936173,
2026-09-20T08:12:37.173480+00:00,159359,4012339,3936032,
2026-09-20T08:12:37.211666+00:00,159360,4012365,3934889,
2026-09-20T08:12:37.232434+00:00,159361,4012390,3934345,
2026-09-20T08:12:37.247567+00:00,159362,4012415,3934115,
2026-09-20T08:12:37.279185+00:00,159363,4012440,3934896,
2026-09-20T08:12:37.294223+00:00,159364,4012465,3935751,
2026-09-20T08:12:37.340113+00:00,159365,4012490,3935698,
2026-09-20T08:12:37.355662+00:00,159366,4012516,3935242,
2026-09-20T08:12:37.387664+00:00,159367,4012541,3935680,
2026-09-20T08:12:37.420928+00:00,159368,4012566,3935480,
2026-09-20T08:12:37.435636+00:00,159369,4012591,3935219,
2026-09-20T08:12:37.467615+00:00,159370,4012616,3934962,
2026-09-20T08:12:37.483637+00:00,159371,4012642,3934836,
2026-09-20T08:12:37.515671+00:00,159372,4012667,3934099,
2026-09-20T08:12:37.534200+00:00,159373,4012692,3933073,
2026-09-20T08:12:37.563998+00:00,159374,4012717,3932804,
2026-09-20T08:12:37.595681+00:00,159375,4012742,3932242,
2026-09-20T08:12:37.612785+00:00,159376,4012767,3932098,
2026-09-20T08:12:37.644763+00:00,159377,4012793,3932944,
2026-09-20T08:12:37.659681+00:00,159378,4012818,3933529,
2026-09-20T08:12:37.691470+00:00,159379,4012843,3933564,
2026-09-20T08:12:37.707670+00:00,159380,4012868,3934134,
2026-09-20T08:12:37.740653+00:00,159381,4012893,3933679,
2026-09-20T08:12:37.771689+00:00,159382,4012919,3933927,
2026-09-20T08:12:37.787773+00:00,159383,4012944,3934190,
2026-09-20T08:12:37.819659+00:00,159384,4012969,3934248,
2026-09-20T08:12:37.837833+00:00,159385,4012994,3934966,
2026-09-20T08:12:37.867611+00:00,159386,4013019,3936247,
2026-09-20T08:12:37.884414+00:00,159387,4013044,3937211,
2026-09-20T08:12:37.917267+00:00,159388,4013070,3937073,
2026-09-20T08:12:37.947263+00:00,159389,4013095,3936855,
2026-09-20T08:12:37.963263+00:00,159390,4013120,3936187,
2026-09-20T08:12:37.995264+00:00,159391,4013145,3936096,
2026-09-20T08:12:38.011263+00:00,159392,4013170,3936237,
2026-09-20T08:12:38.043263+00:00,159393,4013195,3936577,
2026-09-20T08:12:38.059434+00:00,159394,4013221,3937408,
2026-09-20T08:12:38.091612+00:00,159395,4013246,3937809,
2026-09-20T08:12:38.123617+00:00,159396,4013271,3937014,
2026-09-20T08:12:38.139648+00:00,159397,4013296,3936088,
2026-09-20T08:12:38.172642+00:00,159398,4013321,3935538,
2026-09-20T08:12:38.187744+00:00,159399,4013347,3935399,
2026-09-20T08:12:38.219610+00:00,159400,4013372,3935680,
2026-09-20T08:12:38.235251+00:00,159401,4013397,3936322,
2026-09-20T08:12:38.267334+00:00,159402,4013422,3936368,
2026-09-20T08:12:38.299605+00:00,159403,4013447,3935537,
2026-09-20T08:12:38.315110+00:00,159404,4013472,3934587,
2026-09-20T08:12:38.347600+00:00,159405,4013498,3934247,
2026-09-20T08:12:38.363537+00:00,159406,4013523,3934289,
2026-09-20T08:12:38.395595+00:00,159407,4013548,3934566,
2026-09-20T08:12:38.411576+00:00,159408,4013573,3935086,
2026-09-20T08:12:38.443551+00:00,159409,4013598,3935511,
2026-09-20T08:12:38.476729+00:00,159410,4013623,3935400,
2026-09-20T08:12:38.491641+00:00,159411,4013649,3935421,
2026-09-20T08:12:38.523709+00:00,159412,4013674,3935906,
2026-09-20T08:12:38.540696+00:00,159413,4013699,3936507,
2026-09-20T08:12:38.572796+00:00,159414,4013724,3936858,
2026-09-20T08:12:38.588344+00:00,159415,4013749,3936996,
2026-09-20T08:12:38.622871+00:00,159416,4013775,3937065,
2026-09-20T08:12:38.651598+00:00,159417,4013800,3936774,
2026-09-20T08:12:38.668082+00:00,159418,4013825,3936271,
2026-09-20T08:12:38.699594+00:00,159419,4013850,3936281,
2026-09-20T08:12:38.716000+00:00,159420,4013875,3936242,
2026-09-20T08:12:38.748389+00:00,159421,4013900,3936236,
2026-09-20T08:12:38.779749+00:00,159422,4013926,3936572,
2026-09-20T08:12:38.784143+00:00,159423,4013951,3937400,
2026-09-20T08:12:38.827598+00:00,159424,4013976,3938049,
2026-09-20T08:12:38.843636+00:00,159425,4014001,3938515,
2026-09-20T08:12:38.875632+00:00,159426,4014026,3939517,
2026-09-20T08:12:38.891624+00:00,159427,4014051,3940496,
2026-09-20T08:12:38.924763+00:00,159428,4014077,3942142,
2026-09-20T08:12:38.955621+00:00,159429,4014102,3943619,
2026-09-20T08:12:38.971621+00:00,159430,4014127,3944401,
2026-09-20T08:12:39.004615+00:00,159431,4014152,3944897,
2026-09-20T08:12:39.019621+00:00,159432,4014177,3945087,
2026-09-20T08:12:39.051996+00:00,159433,4014203,3945205,
2026-09-20T08:12:39.068677+00:00,159434,4014228,3945115,
2026-09-20T08:12:39.101027+00:00,159435,4014253,3944938,
2026-09-20T08:12:39.133704+00:00,159436,4014278,3945262,
2026-09-20T08:12:39.148226+00:00,159437,4014303,3945345,
2026-09-20T08:12:39.180954+00:00,159438,4014328,3944978,
2026-09-20T08:12:39.197625+00:00,159439,4014354,3943343,
2026-09-20T08:12:39.227677+00:00,159440,4014379,3941503,
2026-09-20T08:12:39.243612+00:00,159441,4014404,3943497,
2026-09-20T08:12:39.278739+00:00,159442,4014429,3945948,
2026-09-20T08:12:39.307731+00:00,159443,4014454,3946518,
2026-09-20T08:12:39.323734+00:00,159444,4014479,3952986,
2026-09-20T08:12:39.355570+00:00,159445,4014505,3985591,
2026-09-20T08:12:39.371885+00:00,159446,4014530,4083470,
2026-09-20T08:12:39.403675+00:00,159447,4014555,4376253,
2026-09-20T08:12:39.419321+00:00,159448,4014580,5007485,
2026-09-20T08:12:39.451566+00:00,159449,4014605,5776529,
2026-09-20T08:12:39.482875+00:00,159450,4014631,6205902,
2026-09-20T08:12:39.499800+00:00,159451,4014656,6155996,
2026-09-20T08:12:39.531572+00:00,159452,4014681,5908470,
2026-09-20T08:12:39.548894+00:00,159453,4014706,5627897,
2026-09-20T08:12:39.583688+00:00,159454,4014731,5319798,
2026-09-20T08:12:39.595622+00:00,159455,4014756,5030941,
2026-09-20T08:12:39.627768+00:00,159456,4014782,4806103,
2026-09-20T08:12:39.659637+00:00,159457,4014807,4602270,
2026-09-20T08:12:39.676299+00:00,159458,4014832,4418663,
2026-09-20T08:12:39.707714+00:00,159459,4014857,4288227,
2026-09-20T08:12:39.724733+00:00,159460,4014882,4199205,
2026-09-20T08:12:39.756702+00:00,159461,4014907,4128807,
2026-09-20T08:12:39.771579+00:00,159462,4014933,4072025,
2026-09-20T08:12:39.804060+00:00,159463,4014958,4034815,
2026-09-20T08:12:39.835858+00:00,159464,4014983,4014930,
2026-09-20T08:12:39.851010+00:00,159465,4015008,4002709,
2026-09-20T08:12:39.883945+00:00,159466,4015033,3993260,
2026-09-20T08:12:39.899577+00:00,159467,4015059,3989424,
2026-09-20T08:12:39.931631+00:00,159468,4015084,3988538,
2026-09-20T08:12:39.947098+00:00,159469,4015109,3990512,
2026-09-20T08:12:39.979596+00:00,159470,4015134,3988880,
2026-09-20T08:12:40.011569+00:00,159471,4015159,3979921,
2026-09-20T08:12:40.027575+00:00,159472,4015184,3969118,
2026-09-20T08:12:40.059315+00:00,159473,4015210,3963796,
2026-09-20T08:12:40.075176+00:00,159474,4015235,3959194,
2026-09-20T08:12:40.107463+00:00,159475,4015260,3956787,
2026-09-20T08:12:40.123584+00:00,159476,4015285,3960157,
2026-09-20T08:12:40.155549+00:00,159477,4015310,3962538,
2026-09-20T08:12:40.187543+00:00,159478,4015335,3962416,
2026-09-20T08:12:40.206126+00:00,159479,4015361,3964110,
2026-09-20T08:12:40.235609+00:00,159480,4015386,3963576,
2026-09-20T08:12:40.251537+00:00,159481,4015411,3957511,
2026-09-20T08:12:40.283645+00:00,159482,4015436,3954217,
2026-09-20T08:12:40.299931+00:00,159483,4015461,3954917,
2026-09-20T08:12:40.331537+00:00,159484,4015486,3955608,
2026-09-20T08:12:40.363874+00:00,159485,4015512,3957462,
2026-09-20T08:12:40.380008+00:00,159486,4015537,3958249,
2026-09-20T08:12:40.411549+00:00,159487,4015562,3955649,
2026-09-20T08:12:40.427566+00:00,159488,4015587,3953424,
2026-09-20T08:12:40.459559+00:00,159489,4015612,3950834,
2026-09-20T08:12:40.475554+00:00,159490,4015638,3948837,
2026-09-20T08:12:40.507931+00:00,159491,4015663,3947222,
2026-09-20T08:12:40.539496+00:00,159492,4015688,3941605,
2026-09-20T08:12:40.555097+00:00,159493,4015713,3937341,
2026-09-20T08:12:40.587578+00:00,159494,4015738,3932455,
2026-09-20T08:12:40.605815+00:00,159495,4015763,3927422,
2026-09-20T08:12:40.637136+00:00,159496,4015789,3924986,
2026-09-20T08:12:40.667574+00:00,159497,4015814,3914904,
2026-09-20T08:12:40.683569+00:00,159498,4015839,3831129,
2026-09-20T08:12:40.715871+00:00,159499,4015864,3407227,
2026-09-20T08:12:40.731809+00:00,159500,4015889,2259850,
2026-09-20T08:12:40.766423+00:00,159501,4015914,958086,
2026-09-20T08:12:40.780435+00:00,159502,4015940,340820,
2026-09-20T08:12:40.812679+00:00,159503,4015965,449803,
2026-09-20T08:12:40.844650+00:00,159504,4015990,1254625,
2026-09-20T08:12:40.859579+00:00,159505,4016015,2295299,
2026-09-20T08:12:40.891536+00:00,159506,4016040,2930329,
2026-09-20T08:12:40.907575+00:00,159507,4016066,3255054,
2026-09-20T08:12:40.939587+00:00,159508,4016091,3454668,
2026-09-20T08:12:40.956690+00:00,159509,4016116,3593810,
2026-09-20T08:12:40.987556+00:00,159510,4016141,3694047,
2026-09-20T08:12:41.019132+00:00,159511,4016166,3767825,
2026-09-20T08:12:41.035561+00:00,159512,4016191,3820469,
2026-09-20T08:12:41.067543+00:00,159513,4016217,3856192,
2026-09-20T08:12:41.089291+00:00,159514,4016242,3879103,
2026-09-20T08:12:41.115564+00:00,159515,4016267,3894359,
2026-09-20T08:12:41.133602+00:00,159516,4016292,3905900,
2026-09-20T08:12:41.163544+00:00,159517,4016317,3912811,
2026-09-20T08:12:41.195562+00:00,159518,4016342,3916384,
2026-09-20T08:12:41.211560+00:00,159519,4016368,3918922,
2026-09-20T08:12:41.243556+00:00,159520,4016393,3921024,
2026-09-20T08:12:41.259576+00:00,159521,4016418,3923205,
2026-09-20T08:12:41.291525+00:00,159522,4016443,3923910,
2026-09-20T08:12:41.307546+00:00,159523,4016468,3924438,
2026-09-20T08:12:41.339612+00:00,159524,4016494,3925249,
2026-09-20T08:12:41.371527+00:00,159525,4016519,3925781,
2026-09-20T08:12:41.387574+00:00,159526,4016544,3925914,
2026-09-20T08:12:41.419522+00:00,159527,4016569,3926358,
2026-09-20T08:12:41.435524+00:00,159528,4016594,3926433,
2026-09-20T08:12:41.468147+00:00,159529,4016619,3927907,
2026-09-20T08:12:41.484607+00:00,159530,4016645,3929133,
2026-09-20T08:12:41.515337+00:00,159531,4016670,3929477,
2026-09-20T08:12:41.548761+00:00,159532,4016695,3929401,
2026-09-20T08:12:41.567191+00:00,159533,4016720,3930068,
2026-09-20T08:12:41.595450+00:00,159534,4016745,3930553,
2026-09-20T08:12:41.611563+00:00,159535,4016770,3930695,
2026-09-20T08:12:41.643528+00:00,159536,4016796,3930240,
2026-09-20T08:12:41.659516+00:00,159537,4016821,3929907,
2026-09-20T08:12:41.691514+00:00,159538,4016846,3930491,
2026-09-20T08:12:41.723554+00:00,159539,4016871,3930643,
2026-09-20T08:12:41.740627+00:00,159540,4016896,3930738,
2026-09-20T08:12:41.771568+00:00,159541,4016922,3930181,
2026-09-20T08:12:41.787377+00:00,159542,4016947,3929813,
2026-09-20T08:12:41.820655+00:00,159543,4016972,3929802,
2026-09-20T08:12:41.836554+00:00,159544,4016997,3930584,
2026-09-20T08:12:41.876330+00:00,159545,4017022,3930268,
2026-09-20T08:12:41.901971+00:00,159546,4017047,3929556,
2026-09-20T08:12:41.915511+00:00,159547,4017073,3929576,
2026-09-20T08:12:41.947306+00:00,159548,4017098,3929326,
2026-09-20T08:12:41.969295+00:00,159549,4017123,3928505,
2026-09-20T08:12:41.995660+00:00,159550,4017148,3928459,
2026-09-20T08:12:42.011699+00:00,159551,4017173,3928494,
2026-09-20T08:12:42.043529+00:00,159552,4017198,3928447,
2026-09-20T08:12:42.075663+00:00,159553,4017224,3928759,
2026-09-20T08:12:42.092882+00:00,159554,4017249,3929574,
2026-09-20T08:12:42.127598+00:00,159555,4017274,3930066,
2026-09-20T08:12:42.140118+00:00,159556,4017299,3931097,
2026-09-20T08:12:42.171200+00:00,159557,4017324,3932004,
2026-09-20T08:12:42.187518+00:00,159558,4017350,3932269,
2026-09-20T08:12:42.219522+00:00,159559,4017375,3933160,
2026-09-20T08:12:42.251527+00:00,159560,4017400,3934098,
2026-09-20T08:12:42.267480+00:00,159561,4017425,3934644,
2026-09-20T08:12:42.300707+00:00,159562,4017450,3934683,
2026-09-20T08:12:42.315530+00:00,159563,4017475,3934192,
2026-09-20T08:12:42.347449+00:00,159564,4017501,3934168,
2026-09-20T08:12:42.363916+00:00,159565,4017526,3934108,
2026-09-20T08:12:42.395568+00:00,159566,4017551,3934325,
2026-09-20T08:12:42.429050+00:00,159567,4017576,3934096,
2026-09-20T08:12:42.443527+00:00,159568,4017601,3933848,
2026-09-20T08:12:42.475502+00:00,159569,4017626,3933989,
2026-09-20T08:12:42.491103+00:00,159570,4017652,3933498,
2026-09-20T08:12:42.528124+00:00,159571,4017677,3933049,
2026-09-20T08:12:42.555527+00:00,159572,4017702,3932845,
2026-09-20T08:12:42.571558+00:00,159573,4017727,3931944,
2026-09-20T08:12:42.606259+00:00,159574,4017752,3931718,
2026-09-20T08:12:42.619517+00:00,159575,4017778,3932061,
2026-09-20T08:12:42.651553+00:00,159576,4017803,3931819,
2026-09-20T08:12:42.674090+00:00,159577,4017828,3931893,
2026-09-20T08:12:42.705929+00:00,159578,4017853,3932138,
2026-09-20T08:12:42.731507+00:00,159579,4017878,3932446,
2026-09-20T08:12:42.747482+00:00,159580,4017903,3932739,
2026-09-20T08:12:42.779658+00:00,159581,4017929,3932508,
2026-09-20T08:12:42.795513+00:00,159582,4017954,3932906,
2026-09-20T08:12:42.827515+00:00,159583,4017979,3932929,
2026-09-20T08:12:42.843517+00:00,159584,4018004,3932823,
2026-09-20T08:12:42.876173+00:00,159585,4018029,3933212,
2026-09-20T08:12:42.907585+00:00,159586,4018054,3933428,
2026-09-20T08:12:42.925146+00:00,159587,4018080,3933614,
2026-09-20T08:12:42.955517+00:00,159588,4018105,3933277,
2026-09-20T08:12:42.971891+00:00,159589,4018130,3933524,
2026-09-20T08:12:43.003483+00:00,159590,4018155,3933544,
2026-09-20T08:12:43.019511+00:00,159591,4018180,3933839,
2026-09-20T08:12:43.051507+00:00,159592,4018205,3934129,
2026-09-20T08:12:43.089518+00:00,159593,4018231,3934261,
2026-09-20T08:12:43.099474+00:00,159594,4018256,3934021,
2026-09-20T08:12:43.138176+00:00,159595,4018281,3933623,
2026-09-20T08:12:43.147506+00:00,159596,4018306,3933658,
2026-09-20T08:12:43.180523+00:00,159597,4018331,3934220,
2026-09-20T08:12:43.195507+00:00,159598,4018357,3934803,
2026-09-20T08:12:43.227636+00:00,159599,4018382,3934512,
2026-09-20T08:12:43.259518+00:00,159600,4018407,3933913,
2026-09-20T08:12:43.276722+00:00,159601,4018432,3933438,
2026-09-20T08:12:43.307511+00:00,159602,4018457,3933267,
2026-09-20T08:12:43.323495+00:00,159603,4018482,3933364,
2026-09-20T08:12:43.356575+00:00,159604,4018508,3932986,
2026-09-20T08:12:43.371858+00:00,159605,4018533,3932413,
2026-09-20T08:12:43.405246+00:00,159606,4018558,3933631,
2026-09-20T08:12:43.435531+00:00,159607,4018583,3935463,
2026-09-20T08:12:43.451503+00:00,159608,4018608,3935960,
2026-09-20T08:12:43.483507+00:00,159609,4018633,3935668,
2026-09-20T08:12:43.499501+00:00,159610,4018659,3936078,
2026-09-20T08:12:43.531494+00:00,159611,4018684,3937120,
2026-09-20T08:12:43.548015+00:00,159612,4018709,3937679,
2026-09-20T08:12:43.580788+00:00,159613,4018734,3937712,
2026-09-20T08:12:43.611277+00:00,159614,4018759,3938053,
2026-09-20T08:12:43.627708+00:00,159615,4018785,3937844,
2026-09-20T08:12:43.659469+00:00,159616,4018810,3937682,
2026-09-20T08:12:43.675472+00:00,159617,4018835,3936821,
2026-09-20T08:12:43.707462+00:00,159618,4018860,3935719,
2026-09-20T08:12:43.723453+00:00,159619,4018885,3935038,
2026-09-20T08:12:43.755466+00:00,159620,4018910,3934826,
2026-09-20T08:12:43.787503+00:00,159621,4018936,3935500,
2026-09-20T08:12:43.803500+00:00,159622,4018961,3935043,
2026-09-20T08:12:43.836103+00:00,159623,4018986,3934604,
2026-09-20T08:12:43.855293+00:00,159624,4019011,3934738,
2026-09-20T08:12:43.883673+00:00,159625,4019036,3934413,
2026-09-20T08:12:43.899470+00:00,159626,4019061,3934931,
2026-09-20T08:12:43.931427+00:00,159627,4019087,3936773,
2026-09-20T08:12:43.963448+00:00,159628,4019112,3937524,
2026-09-20T08:12:43.979486+00:00,159629,4019137,3936591,
2026-09-20T08:12:44.011455+00:00,159630,4019162,3935730,
2026-09-20T08:12:44.027472+00:00,159631,4019187,3934936,
2026-09-20T08:12:44.059493+00:00,159632,4019212,3933915,
2026-09-20T08:12:44.075492+00:00,159633,4019238,3934050,
2026-09-20T08:12:44.107461+00:00,159634,4019263,3934446,
2026-09-20T08:12:44.139449+00:00,159635,4019288,3934683,
2026-09-20T08:12:44.155183+00:00,159636,4019313,3935432,
2026-09-20T08:12:44.187460+00:00,159637,4019338,3936352,
2026-09-20T08:12:44.203449+00:00,159638,4019364,3937129,
2026-09-20T08:12:44.235808+00:00,159639,4019389,3937335,
2026-09-20T08:12:44.251490+00:00,159640,4019414,3936901,
2026-09-20T08:12:44.283500+00:00,159641,4019439,3936897,
2026-09-20T08:12:44.315109+00:00,159642,4019464,3937185,
2026-09-20T08:12:44.331659+00:00,159643,4019489,3937856,
2026-09-20T08:12:44.363451+00:00,159644,4019515,3938709,
2026-09-20T08:12:44.379440+00:00,159645,4019540,3939007,
2026-09-20T08:12:44.411215+00:00,159646,4019565,3938502,
2026-09-20T08:12:44.427437+00:00,159647,4019590,3937987,
2026-09-20T08:12:44.459545+00:00,159648,4019615,3937499,
2026-09-20T08:12:44.491451+00:00,159649,4019640,3936136,
2026-09-20T08:12:44.507449+00:00,159650,4019666,3935519,
2026-09-20T08:12:44.539440+00:00,159651,4019691,3934615,
2026-09-20T08:12:44.555495+00:00,159652,4019716,3934229,
2026-09-20T08:12:44.588089+00:00,159653,4019741,3934244,
2026-09-20T08:12:44.620535+00:00,159654,4019766,3934186,
2026-09-20T08:12:44.635642+00:00,159655,4019792,3934030,
2026-09-20T08:12:44.667166+00:00,159656,4019817,3934185,
2026-09-20T08:12:44.683343+00:00,159657,4019842,3934509,
2026-09-20T08:12:44.715057+00:00,159658,4019867,3935626,
2026-09-20T08:12:44.731033+00:00,159659,4019892,3937449,
2026-09-20T08:12:44.762959+00:00,159660,4019917,3938744,
2026-09-20T08:12:44.795484+00:00,159661,4019943,3938636,
2026-09-20T08:12:44.811439+00:00,159662,4019968,3939085,
2026-09-20T08:12:44.843746+00:00,159663,4019993,3941044,
2026-09-20T08:12:44.859478+00:00,159664,4020018,3941756,
2026-09-20T08:12:44.891453+00:00,159665,4020043,3941931,
2026-09-20T08:12:44.907435+00:00,159666,4020068,3942240,
2026-09-20T08:12:44.939424+00:00,159667,4020094,3942016,
2026-09-20T08:12:44.972161+00:00,159668,4020119,3940678,
2026-09-20T08:12:44.988574+00:00,159669,4020144,3939334,
2026-09-20T08:12:45.019459+00:00,159670,4020169,3939054,
2026-09-20T08:12:45.041258+00:00,159671,4020194,3939242,
2026-09-20T08:12:45.067536+00:00,159672,4020220,3939029,
2026-09-20T08:12:45.089230+00:00,159673,4020245,3938664,
2026-09-20T08:12:45.115440+00:00,159674,4020270,3939261,
2026-09-20T08:12:45.147437+00:00,159675,4020295,3939772,
2026-09-20T08:12:45.164653+00:00,159676,4020320,3940503,
2026-09-20T08:12:45.195429+00:00,159677,4020345,3941045,
2026-09-20T08:12:45.211505+00:00,159678,4020371,3940563,
2026-09-20T08:12:45.243482+00:00,159679,4020396,3940812,
2026-09-20T08:12:45.259525+00:00,159680,4020421,3940987,
2026-09-20T08:12:45.291525+00:00,159681,4020446,3940946,
2026-09-20T08:12:45.323416+00:00,159682,4020471,3940607,
2026-09-20T08:12:45.339473+00:00,159683,4020497,3940120,
2026-09-20T08:12:45.371468+00:00,159684,4020522,3940794,
2026-09-20T08:12:45.387419+00:00,159685,4020547,3941312,
2026-09-20T08:12:45.419419+00:00,159686,4020572,3943790,
2026-09-20T08:12:45.435421+00:00,159687,4020597,3950054,
2026-09-20T08:12:45.467446+00:00,159688,4020622,3955796,
2026-09-20T08:12:45.502820+00:00,159689,4020648,3976916,
2026-09-20T08:12:45.515315+00:00,159690,4020673,4065395,
2026-09-20T08:12:45.547444+00:00,159691,4020698,4429633,
2026-09-20T08:12:45.569956+00:00,159692,4020723,5308580,
2026-09-20T08:12:45.595484+00:00,159693,4020748,6200530,
2026-09-20T08:12:45.611417+00:00,159694,4020774,6608909,
2026-09-20T08:12:45.643454+00:00,159695,4020799,6530526,
2026-09-20T08:12:45.675415+00:00,159696,4020824,6137224,
2026-09-20T08:12:45.692033+00:00,159697,4020849,5718670,
2026-09-20T08:12:45.724304+00:00,159698,4020874,5326622,
2026-09-20T08:12:45.739465+00:00,159699,4020899,4972439,
2026-09-20T08:12:45.771442+00:00,159700,4020925,4689318,
2026-09-20T08:12:45.787411+00:00,159701,4020950,4487697,
2026-09-20T08:12:45.819444+00:00,159702,4020975,4342077,
2026-09-20T08:12:45.851446+00:00,159703,4021000,4229254,
2026-09-20T08:12:45.870949+00:00,159704,4021025,4150661,
2026-09-20T08:12:45.898733+00:00,159705,4021051,4100746,
2026-09-20T08:12:45.914948+00:00,159706,4021076,4062479,
2026-09-20T08:12:45.947860+00:00,159707,4021101,4038629,
2026-09-20T08:12:45.963850+00:00,159708,4021126,4028387,
2026-09-20T08:12:45.995110+00:00,159709,4021151,4017437,
2026-09-20T08:12:46.027410+00:00,159710,4021176,4009982,
2026-09-20T08:12:46.043467+00:00,159711,4021202,4006417,
2026-09-20T08:12:46.075535+00:00,159712,4021227,3997347,
2026-09-20T08:12:46.091342+00:00,159713,4021252,3987029,
2026-09-20T08:12:46.123416+00:00,159714,4021277,3983256,
2026-09-20T08:12:46.139515+00:00,159715,4021302,3980653,
2026-09-20T08:12:46.171085+00:00,159716,4021327,3976211,
2026-09-20T08:12:46.205880+00:00,159717,4021353,3971595,
2026-09-20T08:12:46.226237+00:00,159718,4021378,3967122,
2026-09-20T08:12:46.257827+00:00,159719,4021403,3962808,
2026-09-20T08:12:46.270822+00:00,159720,4021428,3955864,
2026-09-20T08:12:46.301648+00:00,159721,4021453,3941725,
2026-09-20T08:12:46.333885+00:00,159722,4021479,3928578,
2026-09-20T08:12:46.348474+00:00,159723,4021504,3909300,
2026-09-20T08:12:46.379456+00:00,159724,4021529,3836951,
2026-09-20T08:12:46.395503+00:00,159725,4021554,3679322,
2026-09-20T08:12:46.427429+00:00,159726,4021579,3538880,
2026-09-20T08:12:46.443411+00:00,159727,4021604,3371897,
2026-09-20T08:12:46.475428+00:00,159728,4021630,2895707,
2026-09-20T08:12:46.507453+00:00,159729,4021655,1907573,
2026-09-20T08:12:46.523466+00:00,159730,4021680,887213,
2026-09-20T08:12:46.555791+00:00,159731,4021705,294281,
2026-09-20T08:12:46.573688+00:00,159732,4021730,690185,
2026-09-20T08:12:46.605413+00:00,159733,4021755,1970561,
2026-09-20T08:12:46.620171+00:00,159734,4021781,2838130,
2026-09-20T08:12:46.651102+00:00,159735,4021806,3211185,
2026-09-20T08:12:46.684543+00:00,159736,4021831,3422881,
2026-09-20T08:12:46.699571+00:00,159737,4021856,3575614,
2026-09-20T08:12:46.731158+00:00,159738,4021881,3685920,
2026-09-20T08:12:46.747811+00:00,159739,4021907,3763629,
2026-09-20T08:12:46.779415+00:00,159740,4021932,3817646,
2026-09-20T08:12:46.795401+00:00,159741,4021957,3853030,
2026-09-20T08:12:46.827380+00:00,159742,4021982,3876481,
2026-09-20T08:12:46.859399+00:00,159743,4022007,3892614,
2026-09-20T08:12:46.875391+00:00,159744,4022032,3903224,
2026-09-20T08:12:46.908530+00:00,159745,4022058,3910125,
2026-09-20T08:12:46.924492+00:00,159746,4022083,3915514,
2026-09-20T08:12:46.955479+00:00,159747,4022108,3919147,
2026-09-20T08:12:46.971381+00:00,159748,4022133,3921102,
2026-09-20T08:12:47.004489+00:00,159749,4022158,3923133,
2026-09-20T08:12:47.035569+00:00,159750,4022184,3924544,
2026-09-20T08:12:47.051410+00:00,159751,4022209,3925122,
2026-09-20T08:12:47.083383+00:00,159752,4022234,3925621,
2026-09-20T08:12:47.099912+00:00,159753,4022259,3925735,
2026-09-20T08:12:47.131376+00:00,159754,4022284,3926307,
2026-09-20T08:12:47.147392+00:00,159755,4022309,3927014,
2026-09-20T08:12:47.180170+00:00,159756,4022335,3927209,
2026-09-20T08:12:47.211230+00:00,159757,4022360,3926898,
2026-09-20T08:12:47.227283+00:00,159758,4022385,3927759,
2026-09-20T08:12:47.259372+00:00,159759,4022410,3928754,
2026-09-20T08:12:47.275475+00:00,159760,4022435,3929230,
2026-09-20T08:12:47.307389+00:00,159761,4022460,3929691,
2026-09-20T08:12:47.323383+00:00,159762,4022486,3930589,
2026-09-20T08:12:47.355374+00:00,159763,4022511,3931748,
2026-09-20T08:12:47.387359+00:00,159764,4022536,3932157,
2026-09-20T08:12:47.403514+00:00,159765,4022561,3932677,
2026-09-20T08:12:47.435392+00:00,159766,4022586,3933168,
2026-09-20T08:12:47.451381+00:00,159767,4022612,3933252,
2026-09-20T08:12:47.483687+00:00,159768,4022637,3933160,
2026-09-20T08:12:47.499461+00:00,159769,4022662,3933719,
2026-09-20T08:12:47.531550+00:00,159770,4022687,3934343,
2026-09-20T08:12:47.563002+00:00,159771,4022712,3934847,
2026-09-20T08:12:47.579677+00:00,159772,4022737,3934937,
2026-09-20T08:12:47.612148+00:00,159773,4022763,3934185,
2026-09-20T08:12:47.627405+00:00,159774,4022788,3933595,
2026-09-20T08:12:47.659366+00:00,159775,4022813,3934581,
2026-09-20T08:12:47.675370+00:00,159776,4022838,3934864,
2026-09-20T08:12:47.707376+00:00,159777,4022863,3934013,
2026-09-20T08:12:47.739168+00:00,159778,4022888,3933267,
2026-09-20T08:12:47.755379+00:00,159779,4022914,3932194,
2026-09-20T08:12:47.787033+00:00,159780,4022939,3931082,
2026-09-20T08:12:47.806671+00:00,159781,4022964,3930741,
2026-09-20T08:12:47.837055+00:00,159782,4022989,3930037,
2026-09-20T08:12:47.851411+00:00,159783,4023014,3929242,
2026-09-20T08:12:47.883846+00:00,159784,4023040,3928809,
2026-09-20T08:12:47.916093+00:00,159785,4023065,3929475,
2026-09-20T08:12:47.931352+00:00,159786,4023090,3930628,
2026-09-20T08:12:47.962970+00:00,159787,4023115,3931861,
2026-09-20T08:12:47.979356+00:00,159788,4023140,3932722,
2026-09-20T08:12:48.011367+00:00,159789,4023165,3933123,
2026-09-20T08:12:48.027365+00:00,159790,4023191,3933373,
2026-09-20T08:12:48.059369+00:00,159791,4023216,3934008,
2026-09-20T08:12:48.091357+00:00,159792,4023241,3933542,
2026-09-20T08:12:48.107209+00:00,159793,4023266,3933962,
2026-09-20T08:12:48.139356+00:00,159794,4023291,3933940,
2026-09-20T08:12:48.155361+00:00,159795,4023316,3934064,
2026-09-20T08:12:48.187331+00:00,159796,4023342,3935370,
2026-09-20T08:12:48.219342+00:00,159797,4023367,3936469,
2026-09-20T08:12:48.235371+00:00,159798,4023392,3936948,
2026-09-20T08:12:48.267370+00:00,159799,4023417,3937218,
2026-09-20T08:12:48.283353+00:00,159800,4023442,3936682,
2026-09-20T08:12:48.315918+00:00,159801,4023468,3936802,
2026-09-20T08:12:48.331668+00:00,159802,4023493,3936872,
2026-09-20T08:12:48.363613+00:00,159803,4023518,3936371,
2026-09-20T08:12:48.395355+00:00,159804,4023543,3936100,
2026-09-20T08:12:48.411357+00:00,159805,4023568,3936049,
2026-09-20T08:12:48.443340+00:00,159806,4023593,3936317,
2026-09-20T08:12:48.459427+00:00,159807,4023619,3935930,
2026-09-20T08:12:48.491354+00:00,159808,4023644,3935401,
2026-09-20T08:12:48.507355+00:00,159809,4023669,3934279,
2026-09-20T08:12:48.539335+00:00,159810,4023694,3933949,
2026-09-20T08:12:48.571392+00:00,159811,4023719,3934542,
2026-09-20T08:12:48.587343+00:00,159812,4023745,3935096,
2026-09-20T08:12:48.619375+00:00,159813,4023770,3935049,
2026-09-20T08:12:48.643855+00:00,159814,4023795,3934862,
2026-09-20T08:12:48.670089+00:00,159815,4023820,3935726,
2026-09-20T08:12:48.683374+00:00,159816,4023845,3935875,
2026-09-20T08:12:48.715774+00:00,159817,4023870,3936001,
2026-09-20T08:12:48.747385+00:00,159818,4023896,3936188,
2026-09-20T08:12:48.762965+00:00,159819,4023921,3936129,
2026-09-20T08:12:48.795337+00:00,159820,4023946,3936292,
2026-09-20T08:12:48.811362+00:00,159821,4023971,3937297,
2026-09-20T08:12:48.845104+00:00,159822,4023996,3937032,
2026-09-20T08:12:48.859730+00:00,159823,4024021,3936443,
2026-09-20T08:12:48.891325+00:00,159824,4024047,3935343,
2026-09-20T08:12:48.922990+00:00,159825,4024072,3935712,
2026-09-20T08:12:48.939333+00:00,159826,4024097,3936296,
2026-09-20T08:12:48.972239+00:00,159827,4024122,3936733,
2026-09-20T08:12:48.988520+00:00,159828,4024147,3937444,
2026-09-20T08:12:49.019324+00:00,159829,4024173,3938005,
2026-09-20T08:12:49.037495+00:00,159830,4024198,3938260,
2026-09-20T08:12:49.067379+00:00,159831,4024223,3937437,
2026-09-20T08:12:49.099425+00:00,159832,4024248,3936943,
2026-09-20T08:12:49.115340+00:00,159833,4024273,3936472,
2026-09-20T08:12:49.147481+00:00,159834,4024298,3936500,
2026-09-20T08:12:49.163892+00:00,159835,4024324,3937290,
2026-09-20T08:12:49.195354+00:00,159836,4024349,3938017,
2026-09-20T08:12:49.212680+00:00,159837,4024374,3937987,
2026-09-20T08:12:49.243317+00:00,159838,4024399,3938165,
2026-09-20T08:12:49.275830+00:00,159839,4024424,3937423,
2026-09-20T08:12:49.291367+00:00,159840,4024450,3936221,
2026-09-20T08:12:49.323328+00:00,159841,4024475,3935389,
2026-09-20T08:12:49.339424+00:00,159842,4024500,3934543,
2026-09-20T08:12:49.371322+00:00,159843,4024525,3933685,
2026-09-20T08:12:49.387373+00:00,159844,4024550,3933342,
2026-09-20T08:12:49.420762+00:00,159845,4024575,3933504,
2026-09-20T08:12:49.451454+00:00,159846,4024601,3934605,
2026-09-20T08:12:49.474910+00:00,159847,4024626,3935389,
2026-09-20T08:12:49.508399+00:00,159848,4024651,3935741,
2026-09-20T08:12:49.515460+00:00,159849,4024676,3935275,
2026-09-20T08:12:49.547357+00:00,159850,4024701,3934661,
2026-09-20T08:12:49.564502+00:00,159851,4024726,3934838,
2026-09-20T08:12:49.595369+00:00,159852,4024752,3934304,
2026-09-20T08:12:49.627361+00:00,159853,4024777,3933414,
2026-09-20T08:12:49.643433+00:00,159854,4024802,3933226,
2026-09-20T08:12:49.675402+00:00,159855,4024827,3932880,
2026-09-20T08:12:49.692175+00:00,159856,4024852,3932198,
2026-09-20T08:12:49.724909+00:00,159857,4024878,3931590,
2026-09-20T08:12:49.739346+00:00,159858,4024903,3931467,
2026-09-20T08:12:49.771300+00:00,159859,4024928,3931406,
2026-09-20T08:12:49.803444+00:00,159860,4024953,3931567,
2026-09-20T08:12:49.819346+00:00,159861,4024978,3933108,
2026-09-20T08:12:49.851296+00:00,159862,4025003,3933859,
2026-09-20T08:12:49.867809+00:00,159863,4025029,3933770,
2026-09-20T08:12:49.899447+00:00,159864,4025054,3932955,
2026-09-20T08:12:49.931663+00:00,159865,4025079,3933002,
2026-09-20T08:12:49.948361+00:00,159866,4025104,3933949,
2026-09-20T08:12:49.980625+00:00,159867,4025129,3934623,
2026-09-20T08:12:50.001573+00:00,159868,4025155,3934406,
2026-09-20T08:12:50.027588+00:00,159869,4025180,3933393,
2026-09-20T08:12:50.043400+00:00,159870,4025205,3933342,
2026-09-20T08:12:50.076572+00:00,159871,4025230,3934804,
2026-09-20T08:12:50.107437+00:00,159872,4025255,3936054,
2026-09-20T08:12:50.123341+00:00,159873,4025280,3936611,
2026-09-20T08:12:50.155337+00:00,159874,4025306,3936961,
2026-09-20T08:12:50.171701+00:00,159875,4025331,3937129,
2026-09-20T08:12:50.203301+00:00,159876,4025356,3937319,
2026-09-20T08:12:50.219330+00:00,159877,4025381,3937318,
2026-09-20T08:12:50.251361+00:00,159878,4025406,3936764,
2026-09-20T08:12:50.285485+00:00,159879,4025431,3936270,
2026-09-20T08:12:50.299298+00:00,159880,4025457,3935534,
2026-09-20T08:12:50.331315+00:00,159881,4025482,3934948,
2026-09-20T08:12:50.347310+00:00,159882,4025507,3934775,
2026-09-20T08:12:50.379330+00:00,159883,4025532,3935160,
2026-09-20T08:12:50.395379+00:00,159884,4025557,3935044,
2026-09-20T08:12:50.427288+00:00,159885,4025583,3935252,
2026-09-20T08:12:50.459332+00:00,159886,4025608,3935581,
2026-09-20T08:12:50.475313+00:00,159887,4025633,3935921,
2026-09-20T08:12:50.507365+00:00,159888,4025658,3936264,
2026-09-20T08:12:50.523320+00:00,159889,4025683,3936716,
2026-09-20T08:12:50.555326+00:00,159890,4025708,3936218,
2026-09-20T08:12:50.571316+00:00,159891,4025734,3934694,
2026-09-20T08:12:50.603305+00:00,159892,4025759,3932875,
2026-09-20T08:12:50.635309+00:00,159893,4025784,3931059,
2026-09-20T08:12:50.651298+00:00,159894,4025809,3930889,
2026-09-20T08:12:50.683313+00:00,159895,4025834,3933868,
2026-09-20T08:12:50.699313+00:00,159896,4025860,3938139,
2026-09-20T08:12:50.731795+00:00,159897,4025885,3942692,
2026-09-20T08:12:50.748119+00:00,159898,4025910,3944387,
2026-09-20T08:12:50.779502+00:00,159899,4025935,3943502,
2026-09-20T08:12:50.811351+00:00,159900,4025960,3942802,
2026-09-20T08:12:50.827295+00:00,159901,4025985,3943501,
2026-09-20T08:12:50.859328+00:00,159902,4026011,3944481,
2026-09-20T08:12:50.878636+00:00,159903,4026036,3944648,
2026-09-20T08:12:50.907731+00:00,159904,4026061,3943777,
2026-09-20T08:12:50.924385+00:00,159905,4026086,3941832,
2026-09-20T08:12:50.955308+00:00,159906,4026111,3942220,
2026-09-20T08:12:50.989197+00:00,159907,4026136,3944048,
2026-09-20T08:12:51.009160+00:00,159908,4026162,3945077,
2026-09-20T08:12:51.035874+00:00,159909,4026187,3945900,
2026-09-20T08:12:51.051321+00:00,159910,4026212,3948011,
2026-09-20T08:12:51.087104+00:00,159911,4026237,3952930,
2026-09-20T08:12:51.100427+00:00,159912,4026262,3960466,
2026-09-20T08:12:51.138914+00:00,159913,4026288,3969786,
2026-09-20T08:12:51.163324+00:00,159914,4026313,3987049,
2026-09-20T08:12:51.180434+00:00,159915,4026338,4023405,
2026-09-20T08:12:51.211323+00:00,159916,4026363,4139386,
2026-09-20T08:12:51.227262+00:00,159917,4026388,4496519,
2026-09-20T08:12:51.258858+00:00,159918,4026413,5246533,
2026-09-20T08:12:51.275792+00:00,159919,4026439,6114472,
2026-09-20T08:12:51.307034+00:00,159920,4026464,6571841,
2026-09-20T08:12:51.339275+00:00,159921,4026489,6517803,
2026-09-20T08:12:51.355268+00:00,159922,4026514,6150940,
2026-09-20T08:12:51.387270+00:00,159923,4026539,5706347,
2026-09-20T08:12:51.407839+00:00,159924,4026565,5291284,
2026-09-20T08:12:51.435301+00:00,159925,4026590,4910804,
2026-09-20T08:12:51.451724+00:00,159926,4026615,4626243,
2026-09-20T08:12:51.483265+00:00,159927,4026640,4436070,
2026-09-20T08:12:51.515395+00:00,159928,4026665,4302700,
2026-09-20T08:12:51.531247+00:00,159929,4026690,4207734,
2026-09-20T08:12:51.563484+00:00,159930,4026716,4135173,
2026-09-20T08:12:51.579314+00:00,159931,4026741,4082204,
2026-09-20T08:12:51.611273+00:00,159932,4026766,4048033,
2026-09-20T08:12:51.643292+00:00,159933,4026791,4027443,
2026-09-20T08:12:51.659305+00:00,159934,4026816,4009848,
2026-09-20T08:12:51.691067+00:00,159935,4026842,3996274,
2026-09-20T08:12:51.708209+00:00,159936,4026867,3987415,
2026-09-20T08:12:51.739542+00:00,159937,4026892,3981714,
2026-09-20T08:12:51.756363+00:00,159938,4026917,3975116,
2026-09-20T08:12:51.787289+00:00,159939,4026942,3968730,
2026-09-20T08:12:51.819368+00:00,159940,4026967,3965963,
2026-09-20T08:12:51.835528+00:00,159941,4026993,3961758,
2026-09-20T08:12:51.867361+00:00,159942,4027018,3960957,
2026-09-20T08:12:51.883372+00:00,159943,4027043,3966901,
2026-09-20T08:12:51.915186+00:00,159944,4027068,3968246,
2026-09-20T08:12:51.931415+00:00,159945,4027093,3963829,
2026-09-20T08:12:51.963250+00:00,159946,4027118,3963512,
2026-09-20T08:12:51.995255+00:00,159947,4027144,3967892,
2026-09-20T08:12:52.011246+00:00,159948,4027169,3969720,
2026-09-20T08:12:52.043239+00:00,159949,4027194,3968265,
2026-09-20T08:12:52.059237+00:00,159950,4027219,3968112,
2026-09-20T08:12:52.091541+00:00,159951,4027244,3967124,
2026-09-20T08:12:52.107257+00:00,159952,4027270,3964912,
2026-09-20T08:12:52.139348+00:00,159953,4027295,3961449,
2026-09-20T08:12:52.171283+00:00,159954,4027320,3958169,
2026-09-20T08:12:52.186857+00:00,159955,4027345,3956665,
2026-09-20T08:12:52.219246+00:00,159956,4027370,3949228,
2026-09-20T08:12:52.236472+00:00,159957,4027395,3931668,
2026-09-20T08:12:52.267242+00:00,159958,4027421,3916268,
2026-09-20T08:12:52.283242+00:00,159959,4027446,3903198,
2026-09-20T08:12:52.316008+00:00,159960,4027471,3845891,
2026-09-20T08:12:52.347155+00:00,159961,4027496,3536678,
2026-09-20T08:12:52.363484+00:00,159962,4027521,2655845,
2026-09-20T08:12:52.395245+00:00,159963,4027547,1479850,
2026-09-20T08:12:52.411393+00:00,159964,4027572,693628,
2026-09-20T08:12:52.444333+00:00,159965,4027597,455318,
2026-09-20T08:12:52.459078+00:00,159966,4027622,780430,
2026-09-20T08:12:52.491238+00:00,159967,4027647,1710965,
2026-09-20T08:12:52.523007+00:00,159968,4027672,2596379,
2026-09-20T08:12:52.539241+00:00,159969,4027698,3074528,
2026-09-20T08:12:52.571241+00:00,159970,4027723,3338019,
2026-09-20T08:12:52.587276+00:00,159971,4027748,3511878,
2026-09-20T08:12:52.621802+00:00,159972,4027773,3636468,
2026-09-20T08:12:52.635245+00:00,159973,4027798,3725970,
2026-09-20T08:12:52.675185+00:00,159974,4027824,3789541,
2026-09-20T08:12:52.699415+00:00,159975,4027849,3834077,
2026-09-20T08:12:52.715255+00:00,159976,4027874,3862913,
2026-09-20T08:12:52.747047+00:00,159977,4027899,3881454,
2026-09-20T08:12:52.763044+00:00,159978,4027924,3894563,
2026-09-20T08:12:52.795229+00:00,159979,4027949,3903469,
2026-09-20T08:12:52.811234+00:00,159980,4027975,3909420,
2026-09-20T08:12:52.843236+00:00,159981,4028000,3913297,
2026-09-20T08:12:52.875250+00:00,159982,4028025,3916078,
2026-09-20T08:12:52.891223+00:00,159983,4028050,3918731,
2026-09-20T08:12:52.923213+00:00,159984,4028075,3920354,
2026-09-20T08:12:52.939226+00:00,159985,4028101,3921468,
2026-09-20T08:12:52.971225+00:00,159986,4028126,3922673,
2026-09-20T08:12:52.987217+00:00,159987,4028151,3924085,
2026-09-20T08:12:53.019231+00:00,159988,4028176,3925841,
2026-09-20T08:12:53.052259+00:00,159989,4028201,3927329,
2026-09-20T08:12:53.067232+00:00,159990,4028226,3928251,
2026-09-20T08:12:53.100485+00:00,159991,4028252,3928545,
2026-09-20T08:12:53.115257+00:00,159992,4028277,3929135,
2026-09-20T08:12:53.147391+00:00,159993,4028302,3929807,
2026-09-20T08:12:53.163246+00:00,159994,4028327,3929433,
2026-09-20T08:12:53.195280+00:00,159995,4028352,3929412,
2026-09-20T08:12:53.227251+00:00,159996,4028378,3929756,
2026-09-20T08:12:53.243247+00:00,159997,4028403,3929967,
2026-09-20T08:12:53.275262+00:00,159998,4028428,3929790,
2026-09-20T08:12:53.291421+00:00,159999,4028453,3930022,
2026-09-20T08:12:53.323254+00:00,160000,4028478,3930985,
2026-09-20T08:12:53.356321+00:00,160001,4028503,3931700,
2026-09-20T08:12:53.372555+00:00,160002,4028529,3931571,
2026-09-20T08:12:53.403313+00:00,160003,4028554,3931559,
2026-09-20T08:12:53.419215+00:00,160004,4028579,3931979,
2026-09-20T08:12:53.451286+00:00,160005,4028604,3932095,
2026-09-20T08:12:53.467290+00:00,160006,4028629,3931628,
2026-09-20T08:12:53.508529+00:00,160007,4028654,3931237,
2026-09-20T08:12:53.531232+00:00,160008,4028680,3931494,
2026-09-20T08:12:53.547224+00:00,160009,4028705,3931633,
2026-09-20T08:12:53.579107+00:00,160010,4028730,3931177,
2026-09-20T08:12:53.596094+00:00,160011,4028755,3930424,
2026-09-20T08:12:53.627259+00:00,160012,4028780,3929733,
2026-09-20T08:12:53.643255+00:00,160013,4028806,3929691,
2026-09-20T08:12:53.675226+00:00,160014,4028831,3930009,
2026-09-20T08:12:53.707197+00:00,160015,4028856,3930620,
2026-09-20T08:12:53.723508+00:00,160016,4028881,3930704,
2026-09-20T08:12:53.755201+00:00,160017,4028906,3930663,
2026-09-20T08:12:53.771194+00:00,160018,4028931,3931193,
2026-09-20T08:12:53.803408+00:00,160019,4028957,3932032,
2026-09-20T08:12:53.819210+00:00,160020,4028982,3932660,
2026-09-20T08:12:53.851193+00:00,160021,4029007,3933575,
2026-09-20T08:12:53.883216+00:00,160022,4029032,3934404,
2026-09-20T08:12:53.899199+00:00,160023,4029057,3934832,
2026-09-20T08:12:53.932013+00:00,160024,4029083,3935380,
2026-09-20T08:12:53.947046+00:00,160025,4029108,3935563,
2026-09-20T08:12:53.980334+00:00,160026,4029133,3935833,
2026-09-20T08:12:53.995215+00:00,160027,4029158,3936589,
2026-09-20T08:12:54.027260+00:00,160028,4029183,3937160,
2026-09-20T08:12:54.060702+00:00,160029,4029208,3937338,
2026-09-20T08:12:54.075244+00:00,160030,4029234,3936929,
2026-09-20T08:12:54.108587+00:00,160031,4029259,3936345,
2026-09-20T08:12:54.123206+00:00,160032,4029284,3936364,
2026-09-20T08:12:54.155259+00:00,160033,4029309,3936306,
2026-09-20T08:12:54.171852+00:00,160034,4029334,3935465,
2026-09-20T08:12:54.203529+00:00,160035,4029359,3933906,
2026-09-20T08:12:54.236086+00:00,160036,4029385,3933168,
2026-09-20T08:12:54.255343+00:00,160037,4029410,3932969,
2026-09-20T08:12:54.283345+00:00,160038,4029435,3932742,
2026-09-20T08:12:54.301541+00:00,160039,4029460,3932502,
2026-09-20T08:12:54.331462+00:00,160040,4029485,3932804,
2026-09-20T08:12:54.348405+00:00,160041,4029511,3933418,
2026-09-20T08:12:54.379218+00:00,160042,4029536,3933741,
2026-09-20T08:12:54.411241+00:00,160043,4029561,3934538,
2026-09-20T08:12:54.427243+00:00,160044,4029586,3934773,
2026-09-20T08:12:54.459220+00:00,160045,4029611,3934646,
2026-09-20T08:12:54.475881+00:00,160046,4029636,3934586,
2026-09-20T08:12:54.507224+00:00,160047,4029662,3934979,
2026-09-20T08:12:54.524311+00:00,160048,4029687,3934875,
2026-09-20T08:12:54.555184+00:00,160049,4029712,3934616,
2026-09-20T08:12:54.591430+00:00,160050,4029737,3934421,
2026-09-20T08:12:54.607318+00:00,160051,4029762,3933563,
2026-09-20T08:12:54.635226+00:00,160052,4029788,3932313,
2026-09-20T08:12:54.651192+00:00,160053,4029813,3931971,
2026-09-20T08:12:54.683241+00:00,160054,4029838,3931987,
2026-09-20T08:12:54.699219+00:00,160055,4029863,3931432,
2026-09-20T08:12:54.731391+00:00,160056,4029888,3930818,
2026-09-20T08:12:54.763059+00:00,160057,4029913,3931126,
2026-09-20T08:12:54.779232+00:00,160058,4029939,3932633,
2026-09-20T08:12:54.811193+00:00,160059,4029964,3933484,
2026-09-20T08:12:54.827178+00:00,160060,4029989,3934634,
2026-09-20T08:12:54.860019+00:00,160061,4030014,3935142,
2026-09-20T08:12:54.875387+00:00,160062,4030039,3935071,
2026-09-20T08:12:54.908285+00:00,160063,4030065,3934762,
2026-09-20T08:12:54.941308+00:00,160064,4030090,3934430,
2026-09-20T08:12:54.955220+00:00,160065,4030115,3934217,
2026-09-20T08:12:54.987295+00:00,160066,4030140,3934255,
2026-09-20T08:12:55.006454+00:00,160067,4030165,3935002,
2026-09-20T08:12:55.036827+00:00,160068,4030190,3935160,
2026-09-20T08:12:55.067226+00:00,160069,4030216,3934849,
2026-09-20T08:12:55.083182+00:00,160070,4030241,3934495,
2026-09-20T08:12:55.115294+00:00,160071,4030266,3934291,
2026-09-20T08:12:55.132398+00:00,160072,4030291,3933967,
2026-09-20T08:12:55.164018+00:00,160073,4030316,3933569,
2026-09-20T08:12:55.179170+00:00,160074,4030342,3933383,
2026-09-20T08:12:55.211221+00:00,160075,4030367,3933700,
2026-09-20T08:12:55.243233+00:00,160076,4030392,3933723,
2026-09-20T08:12:55.259251+00:00,160077,4030417,3933212,
2026-09-20T08:12:55.291222+00:00,160078,4030442,3932550,
2026-09-20T08:12:55.307214+00:00,160079,4030467,3932242,
2026-09-20T08:12:55.339210+00:00,160080,4030493,3932920,
2026-09-20T08:12:55.356247+00:00,160081,4030518,3933028,
2026-09-20T08:12:55.388283+00:00,160082,4030543,3932720,
2026-09-20T08:12:55.419297+00:00,160083,4030568,3931980,
2026-09-20T08:12:55.436292+00:00,160084,4030593,3931067,
2026-09-20T08:12:55.469897+00:00,160085,4030619,3930291,
2026-09-20T08:12:55.483762+00:00,160086,4030644,3930357,
2026-09-20T08:12:55.515196+00:00,160087,4030669,3931274,
2026-09-20T08:12:55.531185+00:00,160088,4030694,3933576,
2026-09-20T08:12:55.563215+00:00,160089,4030719,3935988,
2026-09-20T08:12:55.595187+00:00,160090,4030744,3937006,
2026-09-20T08:12:55.611206+00:00,160091,4030770,3938141,
2026-09-20T08:12:55.643173+00:00,160092,4030795,3937924,
2026-09-20T08:12:55.659647+00:00,160093,4030820,3937029,
2026-09-20T08:12:55.690887+00:00,160094,4030845,3936277,
2026-09-20T08:12:55.707034+00:00,160095,4030870,3935909,
2026-09-20T08:12:55.739952+00:00,160096,4030895,3936527,
2026-09-20T08:12:55.771151+00:00,160097,4030921,3935415,
2026-09-20T08:12:55.787301+00:00,160098,4030946,3935112,
2026-09-20T08:12:55.819154+00:00,160099,4030971,3935820,
2026-09-20T08:12:55.836415+00:00,160100,4030996,3936109,
2026-09-20T08:12:55.868019+00:00,160101,4031021,3936781,
2026-09-20T08:12:55.882943+00:00,160102,4031047,3938137,
2026-09-20T08:12:55.919957+00:00,160103,4031072,3938761,
2026-09-20T08:12:55.947039+00:00,160104,4031097,3939928,
2026-09-20T08:12:55.963118+00:00,160105,4031122,3941739,
2026-09-20T08:12:55.994681+00:00,160106,4031147,3943006,
2026-09-20T08:12:56.011156+00:00,160107,4031172,3943233,
2026-09-20T08:12:56.043177+00:00,160108,4031198,3942967,
2026-09-20T08:12:56.058399+00:00,160109,4031223,3943519,
2026-09-20T08:12:56.091161+00:00,160110,4031248,3943931,
2026-09-20T08:12:56.123185+00:00,160111,4031273,3942788,
2026-09-20T08:12:56.138459+00:00,160112,4031298,3940561,
2026-09-20T08:12:56.171038+00:00,160113,4031324,3938870,
2026-09-20T08:12:56.187379+00:00,160114,4031349,3938799,
2026-09-20T08:12:56.219148+00:00,160115,4031374,3939522,
2026-09-20T08:12:56.235143+00:00,160116,4031399,3940167,
2026-09-20T08:12:56.267136+00:00,160117,4031424,3938739,
2026-09-20T08:12:56.299144+00:00,160118,4031449,3938516,
2026-09-20T08:12:56.315014+00:00,160119,4031475,3939960,
2026-09-20T08:12:56.347242+00:00,160120,4031500,3941168,
2026-09-20T08:12:56.363444+00:00,160121,4031525,3940240,
2026-09-20T08:12:56.394801+00:00,160122,4031550,3940117,
2026-09-20T08:12:56.405959+00:00,160123,4031575,3940707,
2026-09-20T08:12:56.430016+00:00,160124,4031601,3942154,
2026-09-20T08:12:56.475131+00:00,160125,4031626,3944656,
2026-09-20T08:12:56.491141+00:00,160126,4031651,3945947,
2026-09-20T08:12:56.523150+00:00,160127,4031676,3946809,
2026-09-20T08:12:56.539133+00:00,160128,4031701,3949268,
2026-09-20T08:12:56.572232+00:00,160129,4031726,3950286,
2026-09-20T08:12:56.587142+00:00,160130,4031752,3949772,
2026-09-20T08:12:56.619161+00:00,160131,4031777,3949540,
2026-09-20T08:12:56.651139+00:00,160132,4031802,3949323,
2026-09-20T08:12:56.667121+00:00,160133,4031827,3949063,
2026-09-20T08:12:56.699137+00:00,160134,4031852,3948912,
2026-09-20T08:12:56.715178+00:00,160135,4031878,3946525,
2026-09-20T08:12:56.747584+00:00,160136,4031903,3944826,
2026-09-20T08:12:56.778951+00:00,160137,4031928,3946225,
2026-09-20T08:12:56.795130+00:00,160138,4031953,3948626,
2026-09-20T08:12:56.827147+00:00,160139,4031978,3949679,
2026-09-20T08:12:56.851613+00:00,160140,4032003,3948799,
2026-09-20T08:12:56.875160+00:00,160141,4032029,3949543,
2026-09-20T08:12:56.891127+00:00,160142,4032054,3954672,
2026-09-20T08:12:56.922995+00:00,160143,4032079,3968661,
2026-09-20T08:12:56.955571+00:00,160144,4032104,4008817,
2026-09-20T08:12:56.973810+00:00,160145,4032129,4133421,
2026-09-20T08:12:57.003502+00:00,160146,4032154,4460621,
2026-09-20T08:12:57.023903+00:00,160147,4032180,5101273,
2026-09-20T08:12:57.051122+00:00,160148,4032205,5989883,
2026-09-20T08:12:57.067151+00:00,160149,4032230,6648429,
2026-09-20T08:12:57.099285+00:00,160150,4032255,6732067,
2026-09-20T08:12:57.131140+00:00,160151,4032280,6394108,
2026-09-20T08:12:57.148846+00:00,160152,4032306,5887151,
2026-09-20T08:12:57.179122+00:00,160153,4032331,5332443,
2026-09-20T08:12:57.195395+00:00,160154,4032356,4865627,
2026-09-20T08:12:57.228522+00:00,160155,4032381,4592784,
2026-09-20T08:12:57.243127+00:00,160156,4032406,4414802,
2026-09-20T08:12:57.275160+00:00,160157,4032431,4279109,
2026-09-20T08:12:57.307122+00:00,160158,4032457,4184049,
2026-09-20T08:12:57.322687+00:00,160159,4032482,4119875,
2026-09-20T08:12:57.356413+00:00,160160,4032507,4075585,
2026-09-20T08:12:57.372201+00:00,160161,4032532,4041881,
2026-09-20T08:12:57.403098+00:00,160162,4032557,4015171,
2026-09-20T08:12:57.419114+00:00,160163,4032583,4002802,
2026-09-20T08:12:57.451117+00:00,160164,4032608,3999323,
2026-09-20T08:12:57.483309+00:00,160165,4032633,3991649,
2026-09-20T08:12:57.499113+00:00,160166,4032658,3980841,
2026-09-20T08:12:57.531118+00:00,160167,4032683,3972939,
2026-09-20T08:12:57.547052+00:00,160168,4032708,3973149,
2026-09-20T08:12:57.579432+00:00,160169,4032734,3973981,
2026-09-20T08:12:57.595154+00:00,160170,4032759,3969439,
2026-09-20T08:12:57.627149+00:00,160171,4032784,3966015,
2026-09-20T08:12:57.659099+00:00,160172,4032809,3966240,
2026-09-20T08:12:57.675095+00:00,160173,4032834,3968259,
2026-09-20T08:12:57.707103+00:00,160174,4032860,3965644,
2026-09-20T08:12:57.723165+00:00,160175,4032885,3959583,
2026-09-20T08:12:57.755095+00:00,160176,4032910,3953439,
2026-09-20T08:12:57.771147+00:00,160177,4032935,3945967,
2026-09-20T08:12:57.808842+00:00,160178,4032960,3940914,
2026-09-20T08:12:57.835106+00:00,160179,4032985,3931476,
2026-09-20T08:12:57.851267+00:00,160180,4033011,3911330,
2026-09-20T08:12:57.884372+00:00,160181,4033036,3875163,
2026-09-20T08:12:57.902176+00:00,160182,4033061,3773712,
2026-09-20T08:12:57.931118+00:00,160183,4033086,3362599,
2026-09-20T08:12:57.947048+00:00,160184,4033111,2345990,
2026-09-20T08:12:57.979125+00:00,160185,4033136,1175189,
2026-09-20T08:12:58.011107+00:00,160186,4033162,620724,
2026-09-20T08:12:58.029165+00:00,160187,4033187,629307,
2026-09-20T08:12:58.059312+00:00,160188,4033212,1101022,
2026-09-20T08:12:58.075089+00:00,160189,4033237,2034789,
2026-09-20T08:12:58.107137+00:00,160190,4033262,2781831,
2026-09-20T08:12:58.123923+00:00,160191,4033288,3170216,
2026-09-20T08:12:58.155360+00:00,160192,4033313,3400615,
2026-09-20T08:12:58.187132+00:00,160193,4033338,3558065,
2026-09-20T08:12:58.203740+00:00,160194,4033363,3669983,
2026-09-20T08:12:58.235093+00:00,160195,4033388,3749004,
2026-09-20T08:12:58.251449+00:00,160196,4033413,3803711,
2026-09-20T08:12:58.283083+00:00,160197,4033439,3841950,
2026-09-20T08:12:58.302358+00:00,160198,4033464,3868707,
2026-09-20T08:12:58.331106+00:00,160199,4033489,3886120,
2026-09-20T08:12:58.362548+00:00,160200,4033514,3897054,
2026-09-20T08:12:58.379123+00:00,160201,4033539,3904444,
2026-09-20T08:12:58.412283+00:00,160202,4033565,3910236,
2026-09-20T08:12:58.427094+00:00,160203,4033590,3913658,
2026-09-20T08:12:58.459103+00:00,160204,4033615,3916153,
2026-09-20T08:12:58.490847+00:00,160205,4033640,3917764,
2026-09-20T08:12:58.507133+00:00,160206,4033665,3920451,
2026-09-20T08:12:58.540978+00:00,160207,4033690,3922220,
2026-09-20T08:12:58.554631+00:00,160208,4033716,3924102,
2026-09-20T08:12:58.587158+00:00,160209,4033741,3926686,
2026-09-20T08:12:58.603680+00:00,160210,4033766,3928494,
2026-09-20T08:12:58.638781+00:00,160211,4033791,3929693,
2026-09-20T08:12:58.670261+00:00,160212,4033816,3931178,
2026-09-20T08:12:58.683090+00:00,160213,4033842,3932904,
2026-09-20T08:12:58.715095+00:00,160214,4033867,3934588,
2026-09-20T08:12:58.732314+00:00,160215,4033892,3935988,
2026-09-20T08:12:58.763066+00:00,160216,4033917,3936266,
2026-09-20T08:12:58.779106+00:00,160217,4033942,3936478,
2026-09-20T08:12:58.811242+00:00,160218,4033967,3937132,
2026-09-20T08:12:58.843103+00:00,160219,4033993,3937629,
2026-09-20T08:12:58.859291+00:00,160220,4034018,3937578,
2026-09-20T08:12:58.891071+00:00,160221,4034043,3937765,
2026-09-20T08:12:58.907160+00:00,160222,4034068,3937452,
2026-09-20T08:12:58.939214+00:00,160223,4034093,3937730,
2026-09-20T08:12:58.955071+00:00,160224,4034118,3938853,
2026-09-20T08:12:58.988522+00:00,160225,4034144,3938580,
2026-09-20T08:12:59.019072+00:00,160226,4034169,3937308,
2026-09-20T08:12:59.037633+00:00,160227,4034194,3936446,
2026-09-20T08:12:59.067112+00:00,160228,4034219,3936702,
2026-09-20T08:12:59.083076+00:00,160229,4034244,3937261,
2026-09-20T08:12:59.119392+00:00,160230,4034270,3936845,
2026-09-20T08:12:59.132126+00:00,160231,4034295,3936469,
2026-09-20T08:12:59.163246+00:00,160232,4034320,3937138,
2026-09-20T08:12:59.195105+00:00,160233,4034345,3937762,
2026-09-20T08:12:59.211073+00:00,160234,4034370,3937626,
2026-09-20T08:12:59.243065+00:00,160235,4034395,3937883,
2026-09-20T08:12:59.259100+00:00,160236,4034421,3938523,
2026-09-20T08:12:59.291050+00:00,160237,4034446,3940285,
2026-09-20T08:12:59.307948+00:00,160238,4034471,3941574,
2026-09-20T08:12:59.339554+00:00,160239,4034496,3941868,
2026-09-20T08:12:59.371922+00:00,160240,4034521,3941285,
2026-09-20T08:12:59.387686+00:00,160241,4034547,3940823,
2026-09-20T08:12:59.419144+00:00,160242,4034572,3940395,
2026-09-20T08:12:59.434944+00:00,160243,4034597,3939931,
2026-09-20T08:12:59.466706+00:00,160244,4034622,3939516,
2026-09-20T08:12:59.483070+00:00,160245,4034647,3939780,
2026-09-20T08:12:59.521017+00:00,160246,4034672,3939597,
2026-09-20T08:12:59.547318+00:00,160247,4034698,3939003,
2026-09-20T08:12:59.563012+00:00,160248,4034723,3938931,
2026-09-20T08:12:59.597387+00:00,160249,4034748,3938142,
2026-09-20T08:12:59.611246+00:00,160250,4034773,3937671,
2026-09-20T08:12:59.643066+00:00,160251,4034798,3937890,
2026-09-20T08:12:59.659103+00:00,160252,4034824,3937262,
2026-09-20T08:12:59.691060+00:00,160253,4034849,3937149,
2026-09-20T08:12:59.723236+00:00,160254,4034874,3937124,
2026-09-20T08:12:59.740009+00:00,160255,4034899,3936635,
2026-09-20T08:12:59.771116+00:00,160256,4034924,3936551,
2026-09-20T08:12:59.786883+00:00,160257,4034949,3936284,
2026-09-20T08:12:59.820735+00:00,160258,4034975,3936230,
2026-09-20T08:12:59.835074+00:00,160259,4035000,3936099,
2026-09-20T08:12:59.870400+00:00,160260,4035025,3935621,
2026-09-20T08:12:59.898437+00:00,160261,4035050,3935149,
2026-09-20T08:12:59.915101+00:00,160262,4035075,3934709,
2026-09-20T08:12:59.947403+00:00,160263,4035101,3933890,
2026-09-20T08:12:59.962996+00:00,160264,4035126,3933171,
2026-09-20T08:12:59.995088+00:00,160265,4035151,3932904,
2026-09-20T08:13:00.011068+00:00,160266,4035176,3933488,
2026-09-20T08:13:00.043148+00:00,160267,4035201,3933610,
2026-09-20T08:13:00.075254+00:00,160268,4035226,3933649,
2026-09-20T08:13:00.091040+00:00,160269,4035252,3934226,
2026-09-20T08:13:00.123057+00:00,160270,4035277,3934316,
2026-09-20T08:13:00.139048+00:00,160271,4035302,3934218,
2026-09-20T08:13:00.170585+00:00,160272,4035327,3934021,
2026-09-20T08:13:00.203032+00:00,160273,4035352,3934733,
2026-09-20T08:13:00.219047+00:00,160274,4035377,3935841,
2026-09-20T08:13:00.251040+00:00,160275,4035403,3936231,
2026-09-20T08:13:00.267099+00:00,160276,4035428,3936392,
2026-09-20T08:13:00.299031+00:00,160277,4035453,3937012,
2026-09-20T08:13:00.315034+00:00,160278,4035478,3937338,
2026-09-20T08:13:00.346989+00:00,160279,4035503,3937832,
2026-09-20T08:13:00.379040+00:00,160280,4035529,3938157,
2026-09-20T08:13:00.395060+00:00,160281,4035554,3938894,
2026-09-20T08:13:00.427054+00:00,160282,4035579,3939117,
2026-09-20T08:13:00.443044+00:00,160283,4035604,3938992,
2026-09-20T08:13:00.463739+00:00,160284,4035629,3938855,
2026-09-20T08:13:00.480617+00:00,160285,4035654,3938420,
2026-09-20T08:13:00.513573+00:00,160286,4035680,3938143,
2026-09-20T08:13:00.555067+00:00,160287,4035705,3937884,
2026-09-20T08:13:00.571066+00:00,160288,4035730,3937374,
2026-09-20T08:13:00.604103+00:00,160289,4035755,3936482,
2026-09-20T08:13:00.619076+00:00,160290,4035780,3936068,
2026-09-20T08:13:00.651078+00:00,160291,4035806,3935943,
2026-09-20T08:13:00.667065+00:00,160292,4035831,3935568,
2026-09-20T08:13:00.699048+00:00,160293,4035856,3935643,
2026-09-20T08:13:00.731737+00:00,160294,4035881,3935505,
2026-09-20T08:13:00.747208+00:00,160295,4035906,3935512,
2026-09-20T08:13:00.782392+00:00,160296,4035931,3935447,
2026-09-20T08:13:00.795031+00:00,160297,4035957,3934985,
2026-09-20T08:13:00.827046+00:00,160298,4035982,3934013,
2026-09-20T08:13:00.843067+00:00,160299,4036007,3933128,
2026-09-20T08:13:00.875416+00:00,160300,4036032,3933816,
2026-09-20T08:13:00.907030+00:00,160301,4036057,3934074,
2026-09-20T08:13:00.922639+00:00,160302,4036083,3934324,
2026-09-20T08:13:00.955103+00:00,160303,4036108,3934882,
2026-09-20T08:13:00.972653+00:00,160304,4036133,3935749,
2026-09-20T08:13:01.003029+00:00,160305,4036158,3937244,
2026-09-20T08:13:01.019018+00:00,160306,4036183,3938429,
2026-09-20T08:13:01.051029+00:00,160307,4036208,3938789,
2026-09-20T08:13:01.083062+00:00,160308,4036234,3938452,
2026-09-20T08:13:01.099029+00:00,160309,4036259,3938562,
2026-09-20T08:13:01.131059+00:00,160310,4036284,3939573,
2026-09-20T08:13:01.147020+00:00,160311,4036309,3939327,
2026-09-20T08:13:01.186255+00:00,160312,4036334,3938344,
2026-09-20T08:13:01.195044+00:00,160313,4036360,3937347,
2026-09-20T08:13:01.227015+00:00,160314,4036385,3937038,
2026-09-20T08:13:01.259043+00:00,160315,4036410,3937669,
2026-09-20T08:13:01.275026+00:00,160316,4036435,3938280,
2026-09-20T08:13:01.307445+00:00,160317,4036460,3937943,
2026-09-20T08:13:01.323257+00:00,160318,4036485,3937163,
2026-09-20T08:13:01.355042+00:00,160319,4036511,3936516,
2026-09-20T08:13:01.372309+00:00,160320,4036536,3936287,
2026-09-20T08:13:01.403073+00:00,160321,4036561,3935727,
2026-09-20T08:13:01.435005+00:00,160322,4036586,3934840,
2026-09-20T08:13:01.450819+00:00,160323,4036611,3933934,
2026-09-20T08:13:01.482850+00:00,160324,4036637,3934176,
2026-09-20T08:13:01.499852+00:00,160325,4036662,3934424,
2026-09-20T08:13:01.530851+00:00,160326,4036687,3935129,
2026-09-20T08:13:01.546852+00:00,160327,4036712,3935787,
2026-09-20T08:13:01.578853+00:00,160328,4036737,3936087,
2026-09-20T08:13:01.610849+00:00,160329,4036762,3936076,
2026-09-20T08:13:01.627014+00:00,160330,4036788,3936388,
2026-09-20T08:13:01.659005+00:00,160331,4036813,3936571,
2026-09-20T08:13:01.674995+00:00,160332,4036838,3936855,
2026-09-20T08:13:01.707006+00:00,160333,4036863,3937607,
2026-09-20T08:13:01.723016+00:00,160334,4036888,3938243,
2026-09-20T08:13:01.754971+00:00,160335,4036914,3938479,
2026-09-20T08:13:01.787012+00:00,160336,4036939,3938000,
2026-09-20T08:13:01.803142+00:00,160337,4036964,3937052,
2026-09-20T08:13:01.835009+00:00,160338,4036989,3936672,
2026-09-20T08:13:01.851028+00:00,160339,4037014,3936679,
2026-09-20T08:13:01.883001+00:00,160340,4037039,3936045,
2026-09-20T08:13:01.915436+00:00,160341,4037065,3935511,
2026-09-20T08:13:01.931758+00:00,160342,4037090,3935699,
2026-09-20T08:13:01.972225+00:00,160343,4037115,3936953,
2026-09-20T08:13:01.979176+00:00,160344,4037140,3939380,
2026-09-20T08:13:02.012433+00:00,160345,4037165,3941243,
2026-09-20T08:13:02.027012+00:00,160346,4037190,3942842,
2026-09-20T08:13:02.060103+00:00,160347,4037216,3944505,
2026-09-20T08:13:02.091370+00:00,160348,4037241,3946003,
2026-09-20T08:13:02.106997+00:00,160349,4037266,3947329,
2026-09-20T08:13:02.139560+00:00,160350,4037291,3948090,
2026-09-20T08:13:02.155354+00:00,160351,4037316,3948924,
2026-09-20T08:13:02.187005+00:00,160352,4037342,3949920,
2026-09-20T08:13:02.203038+00:00,160353,4037367,3950006,
2026-09-20T08:13:02.235049+00:00,160354,4037392,3950553,
2026-09-20T08:13:02.275067+00:00,160355,4037417,3951063,
2026-09-20T08:13:02.282983+00:00,160356,4037442,3951943,
2026-09-20T08:13:02.314995+00:00,160357,4037467,3953114,
2026-09-20T08:13:02.331012+00:00,160358,4037493,3953358,
2026-09-20T08:13:02.363022+00:00,160359,4037518,3955819,
2026-09-20T08:13:02.380320+00:00,160360,4037543,3958906,
2026-09-20T08:13:02.410986+00:00,160361,4037568,3959273,
2026-09-20T08:13:02.443006+00:00,160362,4037593,3960751,
2026-09-20T08:13:02.459045+00:00,160363,4037618,3963098,
2026-09-20T08:13:02.491029+00:00,160364,4037644,3965804,
2026-09-20T08:13:02.507334+00:00,160365,4037669,3972544,
2026-09-20T08:13:02.541024+00:00,160366,4037694,3981768,
2026-09-20T08:13:02.557144+00:00,160367,4037719,3993955,
2026-09-20T08:13:02.591531+00:00,160368,4037744,4022250,
2026-09-20T08:13:02.619002+00:00,160369,4037770,4099707,
2026-09-20T08:13:02.635083+00:00,160370,4037795,4346277,
2026-09-20T08:13:02.666986+00:00,160371,4037820,4885471,
2026-09-20T08:13:02.682837+00:00,160372,4037845,5696386,
2026-09-20T08:13:02.714974+00:00,160373,4037870,6349101,
2026-09-20T08:13:02.732073+00:00,160374,4037895,6392625,
2026-09-20T08:13:02.763002+00:00,160375,4037921,6003049,
2026-09-20T08:13:02.795632+00:00,160376,4037946,5603056,
2026-09-20T08:13:02.810982+00:00,160377,4037971,5304521,
2026-09-20T08:13:02.842980+00:00,160378,4037996,4991359,
2026-09-20T08:13:02.859862+00:00,160379,4038021,4692071,
2026-09-20T08:13:02.890598+00:00,160380,4038047,4481124,
2026-09-20T08:13:02.910104+00:00,160381,4038072,4337702,
2026-09-20T08:13:02.938890+00:00,160382,4038097,4230488,
2026-09-20T08:13:02.971522+00:00,160383,4038122,4152424,
2026-09-20T08:13:02.987383+00:00,160384,4038147,4103673,
2026-09-20T08:13:03.020523+00:00,160385,4038172,4064520,
2026-09-20T08:13:03.036354+00:00,160386,4038198,4031912,
2026-09-20T08:13:03.067611+00:00,160387,4038223,4011964,
2026-09-20T08:13:03.085832+00:00,160388,4038248,3998858,
2026-09-20T08:13:03.118008+00:00,160389,4038273,3987696,
2026-09-20T08:13:03.146963+00:00,160390,4038298,3982402,
2026-09-20T08:13:03.171034+00:00,160391,4038324,3979944,
2026-09-20T08:13:03.195921+00:00,160392,4038349,3975719,
2026-09-20T08:13:03.211006+00:00,160393,4038374,3969324,
2026-09-20T08:13:03.243021+00:00,160394,4038399,3967309,
2026-09-20T08:13:03.260065+00:00,160395,4038424,3971711,
2026-09-20T08:13:03.291015+00:00,160396,4038449,3974554,
2026-09-20T08:13:03.322870+00:00,160397,4038475,3976400,
2026-09-20T08:13:03.338977+00:00,160398,4038500,3976582,
2026-09-20T08:13:03.371010+00:00,160399,4038525,3974716,
2026-09-20T08:13:03.387201+00:00,160400,4038550,3969868,
2026-09-20T08:13:03.419059+00:00,160401,4038575,3963752,
2026-09-20T08:13:03.441110+00:00,160402,4038600,3960203,
2026-09-20T08:13:03.466978+00:00,160403,4038626,3962303,
2026-09-20T08:13:03.498997+00:00,160404,4038651,3965058,
2026-09-20T08:13:03.514970+00:00,160405,4038676,3956833,
2026-09-20T08:13:03.547513+00:00,160406,4038701,3948461,
2026-09-20T08:13:03.562758+00:00,160407,4038726,3950173,
2026-09-20T08:13:03.594961+00:00,160408,4038752,3949058,
2026-09-20T08:13:03.610884+00:00,160409,4038777,3941434,
2026-09-20T08:13:03.642972+00:00,160410,4038802,3928356,
2026-09-20T08:13:03.674967+00:00,160411,4038827,3913400,
2026-09-20T08:13:03.690992+00:00,160412,4038852,3897089,
2026-09-20T08:13:03.722951+00:00,160413,4038877,3828887,
2026-09-20T08:13:03.738951+00:00,160414,4038903,3547402,
2026-09-20T08:13:03.770956+00:00,160415,4038928,2862030,
2026-09-20T08:13:03.802964+00:00,160416,4038953,1804574,
2026-09-20T08:13:03.819254+00:00,160417,4038978,912878,
2026-09-20T08:13:03.851232+00:00,160418,4039003,574368,
2026-09-20T08:13:03.867246+00:00,160419,4039029,792290,
2026-09-20T08:13:03.899235+00:00,160420,4039054,1647821,
2026-09-20T08:13:03.915232+00:00,160421,4039079,2547677,
2026-09-20T08:13:03.947290+00:00,160422,4039104,3051164,
2026-09-20T08:13:03.979286+00:00,160423,4039129,3324042,
2026-09-20T08:13:03.995285+00:00,160424,4039154,3503217,
2026-09-20T08:13:04.027321+00:00,160425,4039180,3630511,
2026-09-20T08:13:04.043291+00:00,160426,4039205,3722038,
2026-09-20T08:13:04.075296+00:00,160427,4039230,3787002,
2026-09-20T08:13:04.091339+00:00,160428,4039255,3831585,
2026-09-20T08:13:04.123314+00:00,160429,4039280,3862037,
2026-09-20T08:13:04.155284+00:00,160430,4039305,3881695,
2026-09-20T08:13:04.171323+00:00,160431,4039331,3895824,
2026-09-20T08:13:04.203282+00:00,160432,4039356,3906483,
2026-09-20T08:13:04.218493+00:00,160433,4039381,3914345,
2026-09-20T08:13:04.251313+00:00,160434,4039406,3921278,
2026-09-20T08:13:04.267285+00:00,160435,4039431,3925837,
2026-09-20T08:13:04.299315+00:00,160436,4039457,3927506,
2026-09-20T08:13:04.330857+00:00,160437,4039482,3929244,
2026-09-20T08:13:04.347287+00:00,160438,4039507,3931700,
2026-09-20T08:13:04.379327+00:00,160439,4039532,3933729,
2026-09-20T08:13:04.394498+00:00,160440,4039557,3934033,
2026-09-20T08:13:04.427284+00:00,160441,4039582,3932976,
2026-09-20T08:13:04.442486+00:00,160442,4039608,3932607,
2026-09-20T08:13:04.474284+00:00,160443,4039633,3932350,
2026-09-20T08:13:04.507285+00:00,160444,4039658,3932962,
2026-09-20T08:13:04.523297+00:00,160445,4039683,3933946,
2026-09-20T08:13:04.554804+00:00,160446,4039708,3935183,
2026-09-20T08:13:04.570599+00:00,160447,4039734,3936905,
2026-09-20T08:13:04.602597+00:00,160448,4039759,3937742,
2026-09-20T08:13:04.618599+00:00,160449,4039784,3937669,
2026-09-20T08:13:04.650647+00:00,160450,4039809,3937409,
2026-09-20T08:13:04.682600+00:00,160451,4039834,3938129,
2026-09-20T08:13:04.699599+00:00,160452,4039859,3938674,
2026-09-20T08:13:04.730599+00:00,160453,4039885,3938557,
2026-09-20T08:13:04.747344+00:00,160454,4039910,3938874,
2026-09-20T08:13:04.778960+00:00,160455,4039935,3939364,
2026-09-20T08:13:04.795114+00:00,160456,4039960,3939590,
2026-09-20T08:13:04.826925+00:00,160457,4039985,3939734,
2026-09-20T08:13:04.858947+00:00,160458,4040011,3939838,
2026-09-20T08:13:04.874922+00:00,160459,4040036,3940090,
2026-09-20T08:13:04.906744+00:00,160460,4040061,3940215,
2026-09-20T08:13:04.922691+00:00,160461,4040086,3940265,
2026-09-20T08:13:04.954923+00:00,160462,4040111,3940455,
2026-09-20T08:13:04.970932+00:00,160463,4040136,3940611,
2026-09-20T08:13:05.002920+00:00,160464,4040162,3940731,
2026-09-20T08:13:05.034932+00:00,160465,4040187,3940308,
2026-09-20T08:13:05.050889+00:00,160466,4040212,3940083,
2026-09-20T08:13:05.083993+00:00,160467,4040237,3940080,
2026-09-20T08:13:05.103874+00:00,160468,4040262,3939404,
2026-09-20T08:13:05.131203+00:00,160469,4040288,3939100,
2026-09-20T08:13:05.146944+00:00,160470,4040313,3939404,
2026-09-20T08:13:05.178962+00:00,160471,4040338,3939124,
2026-09-20T08:13:05.210769+00:00,160472,4040363,3939214,
2026-09-20T08:13:05.226972+00:00,160473,4040388,3939514,
2026-09-20T08:13:05.259536+00:00,160474,4040413,3939696,
2026-09-20T08:13:05.274916+00:00,160475,4040439,3939909,
2026-09-20T08:13:05.307465+00:00,160476,4040464,3939843,
2026-09-20T08:13:05.323542+00:00,160477,4040489,3940275,
2026-09-20T08:13:05.355125+00:00,160478,4040514,3940610,
2026-09-20T08:13:05.386987+00:00,160479,4040539,3940877,
2026-09-20T08:13:05.402909+00:00,160480,4040564,3940545,
2026-09-20T08:13:05.439163+00:00,160481,4040590,3940646,
2026-09-20T08:13:05.450917+00:00,160482,4040615,3940955,
2026-09-20T08:13:05.483759+00:00,160483,4040640,3941044,
2026-09-20T08:13:05.517155+00:00,160484,4040665,3940753,
2026-09-20T08:13:05.531980+00:00,160485,4040690,3940654,
2026-09-20T08:13:05.564394+00:00,160486,4040716,3940702,
2026-09-20T08:13:05.580200+00:00,160487,4040741,3941089,
2026-09-20T08:13:05.610943+00:00,160488,4040766,3941290,
2026-09-20T08:13:05.626932+00:00,160489,4040791,3941230,
2026-09-20T08:13:05.659148+00:00,160490,4040816,3941017,
2026-09-20T08:13:05.690906+00:00,160491,4040841,3940886,
2026-09-20T08:13:05.707005+00:00,160492,4040867,3940933,
2026-09-20T08:13:05.739302+00:00,160493,4040892,3940647,
2026-09-20T08:13:05.756009+00:00,160494,4040917,3940530,
2026-09-20T08:13:05.786897+00:00,160495,4040942,3939697,
2026-09-20T08:13:05.802917+00:00,160496,4040967,3939524,
2026-09-20T08:13:05.837977+00:00,160497,4040993,3939572,
2026-09-20T08:13:05.866784+00:00,160498,4041018,3940425,
2026-09-20T08:13:05.884688+00:00,160499,4041043,3940764,
2026-09-20T08:13:05.914888+00:00,160500,4041068,3940453,
2026-09-20T08:13:05.930744+00:00,160501,4041093,3940395,
2026-09-20T08:13:05.963674+00:00,160502,4041118,3940444,
2026-09-20T08:13:05.978802+00:00,160503,4041144,3940739,
2026-09-20T08:13:06.010940+00:00,160504,4041169,3940878,
2026-09-20T08:13:06.043199+00:00,160505,4041194,3941046,
2026-09-20T08:13:06.059971+00:00,160506,4041219,3941162,
2026-09-20T08:13:06.090921+00:00,160507,4041244,3941024,
2026-09-20T08:13:06.106901+00:00,160508,4041269,3940758,
2026-09-20T08:13:06.139991+00:00,160509,4041295,3941324,
2026-09-20T08:13:06.156948+00:00,160510,4041320,3941375,
2026-09-20T08:13:06.186992+00:00,160511,4041345,3941292,
2026-09-20T08:13:06.218935+00:00,160512,4041370,3941410,
2026-09-20T08:13:06.234908+00:00,160513,4041395,3941350,
2026-09-20T08:13:06.275191+00:00,160514,4041421,3941183,
2026-09-20T08:13:06.285183+00:00,160515,4041446,3941254,
2026-09-20T08:13:06.321264+00:00,160516,4041471,3941477,
2026-09-20T08:13:06.330837+00:00,160517,4041496,3941076,
2026-09-20T08:13:06.364020+00:00,160518,4041521,3940983,
2026-09-20T08:13:06.394925+00:00,160519,4041546,3940628,
2026-09-20T08:13:06.410982+00:00,160520,4041572,3940093,
2026-09-20T08:13:06.442945+00:00,160521,4041597,3940203,
2026-09-20T08:13:06.458910+00:00,160522,4041622,3940292,
2026-09-20T08:13:06.490936+00:00,160523,4041647,3940370,
2026-09-20T08:13:06.506924+00:00,160524,4041672,3940463,
2026-09-20T08:13:06.540005+00:00,160525,4041697,3940215,
2026-09-20T08:13:06.571289+00:00,160526,4041723,3940378,
2026-09-20T08:13:06.586447+00:00,160527,4041748,3940962,
2026-09-20T08:13:06.619244+00:00,160528,4041773,3940657,
2026-09-20T08:13:06.635243+00:00,160529,4041798,3940806,
2026-09-20T08:13:06.667243+00:00,160530,4041823,3940919,
2026-09-20T08:13:06.683247+00:00,160531,4041849,3941188,
2026-09-20T08:13:06.715261+00:00,160532,4041874,3940910,
2026-09-20T08:13:06.747249+00:00,160533,4041899,3940922,
2026-09-20T08:13:06.763243+00:00,160534,4041924,3941218,
2026-09-20T08:13:06.795254+00:00,160535,4041949,3941131,
2026-09-20T08:13:06.810443+00:00,160536,4041974,3941375,
2026-09-20T08:13:06.842867+00:00,160537,4042000,3941500,
2026-09-20T08:13:06.858872+00:00,160538,4042025,3941791,
2026-09-20T08:13:06.891108+00:00,160539,4042050,3941922,
2026-09-20T08:13:06.923460+00:00,160540,4042075,3941671,
2026-09-20T08:13:06.939444+00:00,160541,4042100,3941432,
2026-09-20T08:13:06.971442+00:00,160542,4042126,3940709,
2026-09-20T08:13:06.988453+00:00,160543,4042151,3940382,
2026-09-20T08:13:07.018612+00:00,160544,4042176,3940764,
2026-09-20T08:13:07.034444+00:00,160545,4042201,3940398,
2026-09-20T08:13:07.066523+00:00,160546,4042226,3940264,
2026-09-20T08:13:07.098443+00:00,160547,4042251,3940087,
2026-09-20T08:13:07.115191+00:00,160548,4042277,3940163,
2026-09-20T08:13:07.148191+00:00,160549,4042302,3940568,
2026-09-20T08:13:07.165203+00:00,160550,4042327,3940367,
2026-09-20T08:13:07.194873+00:00,160551,4042352,3940962,
2026-09-20T08:13:07.227148+00:00,160552,4042377,3940512,
2026-09-20T08:13:07.243146+00:00,160553,4042403,3940364,
2026-09-20T08:13:07.275146+00:00,160554,4042428,3941047,
2026-09-20T08:13:07.290714+00:00,160555,4042453,3941337,
2026-09-20T08:13:07.323071+00:00,160556,4042478,3941059,
2026-09-20T08:13:07.339084+00:00,160557,4042503,3940900,
2026-09-20T08:13:07.371284+00:00,160558,4042528,3940750,
2026-09-20T08:13:07.403130+00:00,160559,4042554,3940758,
2026-09-20T08:13:07.418568+00:00,160560,4042579,3941218,
2026-09-20T08:13:07.450710+00:00,160561,4042604,3941883,
2026-09-20T08:13:07.466865+00:00,160562,4042629,3941626,
2026-09-20T08:13:07.498709+00:00,160563,4042654,3941618,
2026-09-20T08:13:07.514711+00:00,160564,4042679,3941845,
2026-09-20T08:13:07.547825+00:00,160565,4042705,3941930,
2026-09-20T08:13:07.578866+00:00,160566,4042730,3941598,
2026-09-20T08:13:07.594855+00:00,160567,4042755,3941253,
2026-09-20T08:13:07.626861+00:00,160568,4042780,3941341,
2026-09-20T08:13:07.643106+00:00,160569,4042805,3941235,
2026-09-20T08:13:07.675109+00:00,160570,4042831,3941024,
2026-09-20T08:13:07.690780+00:00,160571,4042856,3940705,
2026-09-20T08:13:07.722804+00:00,160572,4042881,3940419,
2026-09-20T08:13:07.754857+00:00,160573,4042906,3940347,
2026-09-20T08:13:07.770710+00:00,160574,4042931,3940357,
2026-09-20T08:13:07.802829+00:00,160575,4042956,3940310,
2026-09-20T08:13:07.818811+00:00,160576,4042982,3940368,
2026-09-20T08:13:07.850754+00:00,160577,4043007,3940646,
2026-09-20T08:13:07.866754+00:00,160578,4043032,3940848,
2026-09-20T08:13:07.899001+00:00,160579,4043057,3940665,
2026-09-20T08:13:07.931001+00:00,160580,4043082,3941001,
2026-09-20T08:13:07.948001+00:00,160581,4043108,3941134,
2026-09-20T08:13:07.979003+00:00,160582,4043133,3940873,
2026-09-20T08:13:07.994846+00:00,160583,4043158,3940871,
2026-09-20T08:13:08.026866+00:00,160584,4043183,3940806,
2026-09-20T08:13:08.042868+00:00,160585,4043208,3940977,
2026-09-20T08:13:08.074875+00:00,160586,4043233,3940970,
2026-09-20T08:13:08.106741+00:00,160587,4043259,3941043,
2026-09-20T08:13:08.122892+00:00,160588,4043284,3941773,
2026-09-20T08:13:08.154290+00:00,160589,4043309,3942172,
2026-09-20T08:13:08.171394+00:00,160590,4043334,3942113,
2026-09-20T08:13:08.202924+00:00,160591,4043359,3942046,
2026-09-20T08:13:08.219000+00:00,160592,4043384,3941629,
2026-09-20T08:13:08.250579+00:00,160593,4043410,3941263,
2026-09-20T08:13:08.284377+00:00,160594,4043435,3940950,
2026-09-20T08:13:08.299377+00:00,160595,4043460,3940482,
2026-09-20T08:13:08.330378+00:00,160596,4043485,3940756,
2026-09-20T08:13:08.346379+00:00,160597,4043510,3940889,
2026-09-20T08:13:08.379437+00:00,160598,4043536,3940537,
2026-09-20T08:13:08.395379+00:00,160599,4043561,3940167,
2026-09-20T08:13:08.426387+00:00,160600,4043586,3939976,
2026-09-20T08:13:08.458606+00:00,160601,4043611,3940060,
2026-09-20T08:13:08.474577+00:00,160602,4043636,3940528,
2026-09-20T08:13:08.506377+00:00,160603,4043661,3940775,
2026-09-20T08:13:08.522719+00:00,160604,4043687,3941143,
2026-09-20T08:13:08.554979+00:00,160605,4043712,3941261,
2026-09-20T08:13:08.571174+00:00,160606,4043737,3940990,
2026-09-20T08:13:08.602882+00:00,160607,4043762,3940948,
2026-09-20T08:13:08.635529+00:00,160608,4043787,3941021,
2026-09-20T08:13:08.651506+00:00,160609,4043813,3941307,
2026-09-20T08:13:08.682839+00:00,160610,4043838,3941640,
2026-09-20T08:13:08.698708+00:00,160611,4043863,3941599,
2026-09-20T08:13:08.731446+00:00,160612,4043888,3941104,
2026-09-20T08:13:08.746446+00:00,160613,4043913,3941102,
2026-09-20T08:13:08.779337+00:00,160614,4043938,3941424,
2026-09-20T08:13:08.811336+00:00,160615,4043964,3941620,
2026-09-20T08:13:08.821468+00:00,160616,4043989,3941809,
2026-09-20T08:13:08.858955+00:00,160617,4044014,3941641,
2026-09-20T08:13:08.874959+00:00,160618,4044039,3941469,
2026-09-20T08:13:08.906955+00:00,160619,4044064,3941704,
2026-09-20T08:13:08.938956+00:00,160620,4044090,3941410,
2026-09-20T08:13:08.954959+00:00,160621,4044115,3940901,
2026-09-20T08:13:08.986960+00:00,160622,4044140,3940807,
2026-09-20T08:13:09.002983+00:00,160623,4044165,3940354,
2026-09-20T08:13:09.034956+00:00,160624,4044190,3940201,
2026-09-20T08:13:09.050956+00:00,160625,4044215,3940169,
2026-09-20T08:13:09.082955+00:00,160626,4044241,3940062,
2026-09-20T08:13:09.114955+00:00,160627,4044266,3940391,
2026-09-20T08:13:09.130976+00:00,160628,4044291,3940795,
2026-09-20T08:13:09.163052+00:00,160629,4044316,3940708,
2026-09-20T08:13:09.179141+00:00,160630,4044341,3940722,
2026-09-20T08:13:09.210816+00:00,160631,4044367,3940682,
2026-09-20T08:13:09.226818+00:00,160632,4044392,3940824,
2026-09-20T08:13:09.258865+00:00,160633,4044417,3940949,
2026-09-20T08:13:09.290864+00:00,160634,4044442,3941326,
2026-09-20T08:13:09.306806+00:00,160635,4044467,3941398,
2026-09-20T08:13:09.338814+00:00,160636,4044492,3941130,
2026-09-20T08:13:09.354809+00:00,160637,4044518,3940831,
2026-09-20T08:13:09.386793+00:00,160638,4044543,3941019,
2026-09-20T08:13:09.402526+00:00,160639,4044568,3941529,
2026-09-20T08:13:09.434817+00:00,160640,4044593,3941676,
2026-09-20T08:13:09.466802+00:00,160641,4044618,3942236,
2026-09-20T08:13:09.482827+00:00,160642,4044643,3942096,
2026-09-20T08:13:09.515708+00:00,160643,4044669,3941417,
2026-09-20T08:13:09.530928+00:00,160644,4044694,3941601,
2026-09-20T08:13:09.562886+00:00,160645,4044719,3941141,
2026-09-20T08:13:09.578812+00:00,160646,4044744,3940902,
2026-09-20T08:13:09.610793+00:00,160647,4044769,3940909,
2026-09-20T08:13:09.642811+00:00,160648,4044795,3940650,
2026-09-20T08:13:09.659069+00:00,160649,4044820,3940434,
2026-09-20T08:13:09.690806+00:00,160650,4044845,3940241,
2026-09-20T08:13:09.706548+00:00,160651,4044870,3940000,
2026-09-20T08:13:09.738809+00:00,160652,4044895,3940378,
2026-09-20T08:13:09.754810+00:00,160653,4044920,3940749,
2026-09-20T08:13:09.786797+00:00,160654,4044946,3940497,
2026-09-20T08:13:09.818865+00:00,160655,4044971,3940680,
2026-09-20T08:13:09.834466+00:00,160656,4044996,3940991,
2026-09-20T08:13:09.867125+00:00,160657,4045021,3941036,
2026-09-20T08:13:09.882744+00:00,160658,4045046,3940818,
2026-09-20T08:13:09.915063+00:00,160659,4045072,3940617,
2026-09-20T08:13:09.931792+00:00,160660,4045097,3940694,
2026-09-20T08:13:09.962823+00:00,160661,4045122,3941010,
2026-09-20T08:13:09.994620+00:00,160662,4045147,3941172,
2026-09-20T08:13:10.010975+00:00,160663,4045172,3941572,
2026-09-20T08:13:10.042975+00:00,160664,4045197,3941861,
2026-09-20T08:13:10.059169+00:00,160665,4045223,3941874,
2026-09-20T08:13:10.090809+00:00,160666,4045248,3941722,
2026-09-20T08:13:10.108647+00:00,160667,4045273,3941523,
2026-09-20T08:13:10.138777+00:00,160668,4045298,3941440,
2026-09-20T08:13:10.170756+00:00,160669,4045323,3941538,
2026-09-20T08:13:10.186800+00:00,160670,4045348,3940833,
2026-09-20T08:13:10.218799+00:00,160671,4045374,3940689,
2026-09-20T08:13:10.234631+00:00,160672,4045399,3940296,
2026-09-20T08:13:10.266485+00:00,160673,4045424,3939859,
2026-09-20T08:13:10.282834+00:00,160674,4045449,3940122,
2026-09-20T08:13:10.314786+00:00,160675,4045474,3940434,
2026-09-20T08:13:10.346669+00:00,160676,4045500,3940730,
2026-09-20T08:13:10.362286+00:00,160677,4045525,3940441,
2026-09-20T08:13:10.394775+00:00,160678,4045550,3940225,
2026-09-20T08:13:10.410785+00:00,160679,4045575,3940418,
2026-09-20T08:13:10.442326+00:00,160680,4045600,3940370,
2026-09-20T08:13:10.458776+00:00,160681,4045625,3940474,
2026-09-20T08:13:10.490785+00:00,160682,4045651,3940769,
2026-09-20T08:13:10.522573+00:00,160683,4045676,3940859,
2026-09-20T08:13:10.538773+00:00,160684,4045701,3941461,
2026-09-20T08:13:10.570830+00:00,160685,4045726,3941192,
2026-09-20T08:13:10.586800+00:00,160686,4045751,3941069,
2026-09-20T08:13:10.618791+00:00,160687,4045777,3940972,
2026-09-20T08:13:10.654536+00:00,160688,4045802,3941106,
2026-09-20T08:13:10.670537+00:00,160689,4045827,3941448,
2026-09-20T08:13:10.698538+00:00,160690,4045852,3941440,
2026-09-20T08:13:10.714538+00:00,160691,4045877,3941616,
2026-09-20T08:13:10.746536+00:00,160692,4045902,3941571,
2026-09-20T08:13:10.762536+00:00,160693,4045928,3941711,
2026-09-20T08:13:10.794575+00:00,160694,4045953,3941732,
2026-09-20T08:13:10.826755+00:00,160695,4045978,3941323,
2026-09-20T08:13:10.842736+00:00,160696,4046003,3941312,
2026-09-20T08:13:10.874797+00:00,160697,4046028,3941673,
2026-09-20T08:13:10.891735+00:00,160698,4046054,3941367,
2026-09-20T08:13:10.922735+00:00,160699,4046079,3940849,
2026-09-20T08:13:10.938806+00:00,160700,4046104,3940822,
2026-09-20T08:13:10.970765+00:00,160701,4046129,3940254,
2026-09-20T08:13:11.003021+00:00,160702,4046154,3940539,
2026-09-20T08:13:11.019019+00:00,160703,4046179,3940773,
2026-09-20T08:13:11.051018+00:00,160704,4046205,3940457,
2026-09-20T08:13:11.067031+00:00,160705,4046230,3940281,
2026-09-20T08:13:11.098776+00:00,160706,4046255,3940769,
2026-09-20T08:13:11.114779+00:00,160707,4046280,3941339,
2026-09-20T08:13:11.146823+00:00,160708,4046305,3941413,
2026-09-20T08:13:11.178847+00:00,160709,4046331,3940718,
2026-09-20T08:13:11.194847+00:00,160710,4046356,3940940,
2026-09-20T08:13:11.226851+00:00,160711,4046381,3941429,
2026-09-20T08:13:11.242847+00:00,160712,4046406,3941088,
2026-09-20T08:13:11.274847+00:00,160713,4046431,3940845,
2026-09-20T08:13:11.290848+00:00,160714,4046456,3941182,
2026-09-20T08:13:11.322713+00:00,160715,4046482,3941617,
2026-09-20T08:13:11.354389+00:00,160716,4046507,3941560,
2026-09-20T08:13:11.371339+00:00,160717,4046532,3941768,
2026-09-20T08:13:11.402339+00:00,160718,4046557,3941718,
2026-09-20T08:13:11.418794+00:00,160719,4046582,3941722,
2026-09-20T08:13:11.450731+00:00,160720,4046607,3941901,
2026-09-20T08:13:11.466757+00:00,160721,4046633,3941362,
2026-09-20T08:13:11.498766+00:00,160722,4046658,3940886,
2026-09-20T08:13:11.530513+00:00,160723,4046683,3940742,
2026-09-20T08:13:11.546512+00:00,160724,4046708,3940845,
2026-09-20T08:13:11.578750+00:00,160725,4046733,3940628,
2026-09-20T08:13:11.594892+00:00,160726,4046759,3940644,
2026-09-20T08:13:11.626893+00:00,160727,4046784,3940444,
2026-09-20T08:13:11.642755+00:00,160728,4046809,3940332,
2026-09-20T08:13:11.674891+00:00,160729,4046834,3940871,
2026-09-20T08:13:11.706893+00:00,160730,4046859,3940866,
2026-09-20T08:13:11.722900+00:00,160731,4046884,3940830,
2026-09-20T08:13:11.754744+00:00,160732,4046910,3940708,
2026-09-20T08:13:11.771183+00:00,160733,4046935,3940398,
2026-09-20T08:13:11.802790+00:00,160734,4046960,3940955,
2026-09-20T08:13:11.818757+00:00,160735,4046985,3941030,
2026-09-20T08:13:11.850948+00:00,160736,4047010,3941041,
2026-09-20T08:13:11.882750+00:00,160737,4047036,3941743,
2026-09-20T08:13:11.898418+00:00,160738,4047061,3941616,
2026-09-20T08:13:11.930263+00:00,160739,4047086,3941381,
2026-09-20T08:13:11.946361+00:00,160740,4047111,3941472,
2026-09-20T08:13:11.978634+00:00,160741,4047136,3941362,
2026-09-20T08:13:11.994744+00:00,160742,4047161,3941305,
2026-09-20T08:13:12.026395+00:00,160743,4047187,3941592,
2026-09-20T08:13:12.058774+00:00,160744,4047212,3941558,
2026-09-20T08:13:12.074775+00:00,160745,4047237,3941832,
2026-09-20T08:13:12.106614+00:00,160746,4047262,3941686,
2026-09-20T08:13:12.122756+00:00,160747,4047287,3941531,
2026-09-20T08:13:12.154749+00:00,160748,4047313,3941295,
2026-09-20T08:13:12.171546+00:00,160749,4047338,3941059,
2026-09-20T08:13:12.203073+00:00,160750,4047363,3940909,
2026-09-20T08:13:12.234605+00:00,160751,4047388,3940661,
2026-09-20T08:13:12.251115+00:00,160752,4047413,3940396,
2026-09-20T08:13:12.282732+00:00,160753,4047438,3940347,
2026-09-20T08:13:12.298182+00:00,160754,4047464,3940594,
2026-09-20T08:13:12.330731+00:00,160755,4047489,3940812,
2026-09-20T08:13:12.362514+00:00,160756,4047514,3941152,
2026-09-20T08:13:12.378725+00:00,160757,4047539,3940826,
2026-09-20T08:13:12.410722+00:00,160758,4047564,3940420,
2026-09-20T08:13:12.426761+00:00,160759,4047590,3940578,
2026-09-20T08:13:12.458732+00:00,160760,4047615,3940900,
2026-09-20T08:13:12.474750+00:00,160761,4047640,3941166,
2026-09-20T08:13:12.506542+00:00,160762,4047665,3941514,
2026-09-20T08:13:12.538728+00:00,160763,4047690,3941343,
2026-09-20T08:13:12.554815+00:00,160764,4047715,3941005,
2026-09-20T08:13:12.586849+00:00,160765,4047741,3941326,
2026-09-20T08:13:12.602891+00:00,160766,4047766,3941426,
2026-09-20T08:13:12.634739+00:00,160767,4047791,3941694,
2026-09-20T08:13:12.650830+00:00,160768,4047816,3941759,
2026-09-20T08:13:12.682747+00:00,160769,4047841,3941525,
2026-09-20T08:13:12.714730+00:00,160770,4047866,3941521,
2026-09-20T08:13:12.730662+00:00,160771,4047892,3941703,
2026-09-20T08:13:12.762731+00:00,160772,4047917,3941368,
2026-09-20T08:13:12.778511+00:00,160773,4047942,3940761,
2026-09-20T08:13:12.813264+00:00,160774,4047967,3940784,
2026-09-20T08:13:12.830264+00:00,160775,4047992,3940834,
2026-09-20T08:13:12.858751+00:00,160776,4048018,3940616,
2026-09-20T08:13:12.890744+00:00,160777,4048043,3940552,
2026-09-20T08:13:12.906725+00:00,160778,4048068,3940354,
2026-09-20T08:13:12.938731+00:00,160779,4048093,3940167,
2026-09-20T08:13:12.954718+00:00,160780,4048118,3940331,
2026-09-20T08:13:12.986740+00:00,160781,4048143,3940873,
2026-09-20T08:13:13.002736+00:00,160782,4048169,3940789,
2026-09-20T08:13:13.034728+00:00,160783,4048194,3940895,
2026-09-20T08:13:13.066746+00:00,160784,4048219,3940843,
2026-09-20T08:13:13.082249+00:00,160785,4048244,3940764,
2026-09-20T08:13:13.114718+00:00,160786,4048269,3941096,
2026-09-20T08:13:13.130724+00:00,160787,4048295,3941390,
2026-09-20T08:13:13.162509+00:00,160788,4048320,3941087,
2026-09-20T08:13:13.178742+00:00,160789,4048345,3941214,
2026-09-20T08:13:13.210725+00:00,160790,4048370,3941810,
2026-09-20T08:13:13.242732+00:00,160791,4048395,3941751,
2026-09-20T08:13:13.258715+00:00,160792,4048420,3941808,
2026-09-20T08:13:13.290705+00:00,160793,4048446,3941730,
2026-09-20T08:13:13.306716+00:00,160794,4048471,3941518,
2026-09-20T08:13:13.338703+00:00,160795,4048496,3941674,
2026-09-20T08:13:13.354697+00:00,160796,4048521,3941653,
2026-09-20T08:13:13.386720+00:00,160797,4048546,3941334,
2026-09-20T08:13:13.418732+00:00,160798,4048571,3941488,
2026-09-20T08:13:13.435183+00:00,160799,4048597,3940944,
2026-09-20T08:13:13.466290+00:00,160800,4048622,3940582,
2026-09-20T08:13:13.482200+00:00,160801,4048647,3940991,
2026-09-20T08:13:13.514740+00:00,160802,4048672,3940700,
2026-09-20T08:13:13.530715+00:00,160803,4048697,3939983,
2026-09-20T08:13:13.562575+00:00,160804,4048722,3939936,
2026-09-20T08:13:13.594697+00:00,160805,4048748,3940394,
2026-09-20T08:13:13.610620+00:00,160806,4048773,3940577,
2026-09-20T08:13:13.642689+00:00,160807,4048798,3940398,
2026-09-20T08:13:13.658655+00:00,160808,4048823,3940298,
2026-09-20T08:13:13.690720+00:00,160809,4048848,3940442,
2026-09-20T08:13:13.706730+00:00,160810,4048874,3940995,
2026-09-20T08:13:13.738915+00:00,160811,4048899,3941276,
2026-09-20T08:13:13.771013+00:00,160812,4048924,3940941,
2026-09-20T08:13:13.786701+00:00,160813,4048949,3940888,
2026-09-20T08:13:13.818697+00:00,160814,4048974,3941323,
2026-09-20T08:13:13.821052+00:00,160815,4048999,3941092,
2026-09-20T08:13:13.852650+00:00,160816,4049025,3940969,
2026-09-20T08:13:13.867923+00:00,160817,4049050,3941493,
2026-09-20T08:13:13.914691+00:00,160818,4049075,3941662,
2026-09-20T08:13:13.946734+00:00,160819,4049100,3941720,
2026-09-20T08:13:13.962939+00:00,160820,4049125,3941725,
2026-09-20T08:13:13.994687+00:00,160821,4049151,3941992,
2026-09-20T08:13:14.010917+00:00,160822,4049176,3941980,
2026-09-20T08:13:14.042691+00:00,160823,4049201,3941891,
2026-09-20T08:13:14.058686+00:00,160824,4049226,3941903,
2026-09-20T08:13:14.090677+00:00,160825,4049251,3941274,
2026-09-20T08:13:14.122714+00:00,160826,4049276,3940826,
2026-09-20T08:13:14.138715+00:00,160827,4049302,3940252,
2026-09-20T08:13:14.170691+00:00,160828,4049327,3940088,
2026-09-20T08:13:14.186997+00:00,160829,4049352,3939951,
2026-09-20T08:13:14.218745+00:00,160830,4049377,3940728,
2026-09-20T08:13:14.250378+00:00,160831,4049402,3941190,
2026-09-20T08:13:14.266626+00:00,160832,4049427,3941247,
2026-09-20T08:13:14.298723+00:00,160833,4049453,3940975,
2026-09-20T08:13:14.314670+00:00,160834,4049478,3940608,
2026-09-20T08:13:14.346679+00:00,160835,4049503,3940306,
2026-09-20T08:13:14.362672+00:00,160836,4049528,3941139,
2026-09-20T08:13:14.394683+00:00,160837,4049553,3940800,
2026-09-20T08:13:14.426679+00:00,160838,4049578,3941294,
2026-09-20T08:13:14.442737+00:00,160839,4049604,3941550,
2026-09-20T08:13:14.474681+00:00,160840,4049629,3941651,
2026-09-20T08:13:14.490688+00:00,160841,4049654,3941525,
2026-09-20T08:13:14.522681+00:00,160842,4049679,3941212,
2026-09-20T08:13:14.538708+00:00,160843,4049704,3941482,
2026-09-20T08:13:14.570766+00:00,160844,4049730,3941598,
2026-09-20T08:13:14.602693+00:00,160845,4049755,3941493,
2026-09-20T08:13:14.618687+00:00,160846,4049780,3941908,
2026-09-20T08:13:14.650820+00:00,160847,4049805,3942248,
2026-09-20T08:13:14.667784+00:00,160848,4049830,3942350,
2026-09-20T08:13:14.698692+00:00,160849,4049855,3942606,
2026-09-20T08:13:14.714192+00:00,160850,4049881,3942048,
2026-09-20T08:13:14.746689+00:00,160851,4049906,3941113,
2026-09-20T08:13:14.778667+00:00,160852,4049931,3940490,
2026-09-20T08:13:14.794239+00:00,160853,4049956,3941006,
2026-09-20T08:13:14.826668+00:00,160854,4049981,3941135,
2026-09-20T08:13:14.842709+00:00,160855,4050006,3940874,
2026-09-20T08:13:14.874683+00:00,160856,4050032,3940564,
2026-09-20T08:13:14.890593+00:00,160857,4050057,3940095,
2026-09-20T08:13:14.922660+00:00,160858,4050082,3940201,
2026-09-20T08:13:14.954664+00:00,160859,4050107,3940724,
2026-09-20T08:13:14.970669+00:00,160860,4050132,3941159,
2026-09-20T08:13:15.002887+00:00,160861,4050158,3941028,
2026-09-20T08:13:15.018659+00:00,160862,4050183,3941020,
2026-09-20T08:13:15.050683+00:00,160863,4050208,3941458,
2026-09-20T08:13:15.066671+00:00,160864,4050233,3941396,
2026-09-20T08:13:15.098657+00:00,160865,4050258,3941166,
2026-09-20T08:13:15.130339+00:00,160866,4050283,3941169,
2026-09-20T08:13:15.146206+00:00,160867,4050309,3941721,
2026-09-20T08:13:15.178888+00:00,160868,4050334,3941558,
2026-09-20T08:13:15.194649+00:00,160869,4050359,3941326,
2026-09-20T08:13:15.226669+00:00,160870,4050384,3941399,
2026-09-20T08:13:15.242665+00:00,160871,4050409,3941887,
2026-09-20T08:13:15.274660+00:00,160872,4050435,3942051,
2026-09-20T08:13:15.306660+00:00,160873,4050460,3941737,
2026-09-20T08:13:15.322717+00:00,160874,4050485,3941563,
2026-09-20T08:13:15.354631+00:00,160875,4050510,3942013,
2026-09-20T08:13:15.370632+00:00,160876,4050535,3941954,
